Country_Name,Country_Code,Year,Value
Afghanistan,AFG,2008,38.10266113
Afghanistan,AFG,2009,41.72274399
Afghanistan,AFG,2010,44.99053192
Afghanistan,AFG,2011,50.85347366
Afghanistan,AFG,2012,51.44026184
Afghanistan,AFG,2013,55.03462982
Afghanistan,AFG,2014,59.00893402
Afghanistan,AFG,2015,58.90652847
Afghanistan,AFG,2016,60.18867111
Afghanistan,AFG,2017,65.70602417
Afghanistan,AFG,2018,49.84260941
Albania,ALB,2008,220.4642487
Albania,ALB,2009,186.4428101
Albania,ALB,2010,192.0032196
Albania,ALB,2011,211.0755158
Albania,ALB,2012,213.7197418
Albania,ALB,2013,236.957962
Albania,ALB,2014,251.3582611
Albania,ALB,2015,192.8851318
Albania,ALB,2016,202.0133209
Albania,ALB,2017,226.2806702
Albania,ALB,2018,274.914093
Algeria,DZA,2008,206.8851929
Algeria,DZA,2009,208.1199188
Algeria,DZA,2010,229.2894592
Algeria,DZA,2011,287.3861084
Algeria,DZA,2012,335.5619507
Algeria,DZA,2013,331.9416809
Algeria,DZA,2014,359.6421204
Algeria,DZA,2015,291.5535584
Algeria,DZA,2016,260.7725525
Algeria,DZA,2017,258.0395508
Algeria,DZA,2018,255.8694305
American Samoa,ASM,2008,0
American Samoa,ASM,2009,0
American Samoa,ASM,2010,0
American Samoa,ASM,2011,0
American Samoa,ASM,2012,0
American Samoa,ASM,2013,0
American Samoa,ASM,2014,0
American Samoa,ASM,2015,0
American Samoa,ASM,2016,0
American Samoa,ASM,2017,0
American Samoa,ASM,2018,0
Andorra,AND,2008,2774.493408
Andorra,AND,2009,2687.855957
Andorra,AND,2010,2642.165527
Andorra,AND,2011,2567.525391
Andorra,AND,2012,2342.568359
Andorra,AND,2013,2432.782715
Andorra,AND,2014,2529.089844
Andorra,AND,2015,2246.254395
Andorra,AND,2016,2361.217529
Andorra,AND,2017,2567.423828
Andorra,AND,2018,2821.80127
Angola,AGO,2008,135.6058197
Angola,AGO,2009,119.9962845
Angola,AGO,2010,96.69701385
Angola,AGO,2011,122.1072311
Angola,AGO,2012,122.185585
Angola,AGO,2013,143.6068726
Angola,AGO,2014,131.6476593
Angola,AGO,2015,108.5829392
Angola,AGO,2016,95.12497711
Angola,AGO,2017,114.3346024
Angola,AGO,2018,87.61676788
Antigua and Barbuda,ATG,2008,673.8375244
Antigua and Barbuda,ATG,2009,591.4252319
Antigua and Barbuda,ATG,2010,701.8178101
Antigua and Barbuda,ATG,2011,693.807251
Antigua and Barbuda,ATG,2012,727.256958
Antigua and Barbuda,ATG,2013,711.2297974
Antigua and Barbuda,ATG,2014,792.8414917
Antigua and Barbuda,ATG,2015,754.2418823
Antigua and Barbuda,ATG,2016,778.4511108
Antigua and Barbuda,ATG,2017,795.5598145
Antigua and Barbuda,ATG,2018,875.1725464
Argentina,ARG,2008,746.4932861
Argentina,ARG,2009,785.6702271
Argentina,ARG,2010,985.0344238
Argentina,ARG,2011,1208.391602
Argentina,ARG,2012,1368.422974
Argentina,ARG,2013,1421.657593
Argentina,ARG,2014,1286.217651
Argentina,ARG,2015,1531.484253
Argentina,ARG,2016,1153.534058
Argentina,ARG,2017,1529.616211
Argentina,ARG,2018,1127.907227
Armenia,ARM,2008,266.3115845
Armenia,ARM,2009,252.8356018
Armenia,ARM,2010,297.2290649
Armenia,ARM,2011,330.5755615
Armenia,ARM,2012,336.3205566
Armenia,ARM,2013,396.232544
Armenia,ARM,2014,405.7288818
Armenia,ARM,2015,364.9728088
Armenia,ARM,2016,357.4577637
Armenia,ARM,2017,405.6506958
Armenia,ARM,2018,422.2826843
Aruba,ABW,2008,0
Aruba,ABW,2009,0
Aruba,ABW,2010,0
Aruba,ABW,2011,0
Aruba,ABW,2012,0
Aruba,ABW,2013,0
Aruba,ABW,2014,0
Aruba,ABW,2015,0
Aruba,ABW,2016,0
Aruba,ABW,2017,0
Aruba,ABW,2018,0
Australia,AUS,2008,4090.761963
Australia,AUS,2009,3995.340088
Australia,AUS,2010,4945.038086
Australia,AUS,2011,5861.702637
Australia,AUS,2012,6025.344727
Australia,AUS,2013,5813.985352
Australia,AUS,2014,5607.917969
Australia,AUS,2015,4860.37207
Australia,AUS,2016,4971.614746
Australia,AUS,2017,5308.783203
Australia,AUS,2018,5425.340332
Austria,AUT,2008,5057.760742
Austria,AUT,2009,4928.987793
Austria,AUT,2010,4800.793457
Austria,AUT,2011,5167.817871
Austria,AUT,2012,4966.095703
Austria,AUT,2013,5235.341309
Austria,AUT,2014,5393.602051
Austria,AUT,2015,4612.824219
Austria,AUT,2016,4709.875977
Austria,AUT,2017,4937.977051
Austria,AUT,2018,5326.437012
Azerbaijan,AZE,2008,107.3614349
Azerbaijan,AZE,2009,129.7258606
Azerbaijan,AZE,2010,145.8452606
Azerbaijan,AZE,2011,176.4084778
Azerbaijan,AZE,2012,222.9855194
Azerbaijan,AZE,2013,239.9508057
Azerbaijan,AZE,2014,267.3097229
Azerbaijan,AZE,2015,226.510025
Azerbaijan,AZE,2016,156.9957275
Azerbaijan,AZE,2017,155.0982666
Azerbaijan,AZE,2018,165.7674408
"Bahamas, The",BHS,2008,1489.427246
"Bahamas, The",BHS,2009,1470.687744
"Bahamas, The",BHS,2010,1495.231323
"Bahamas, The",BHS,2011,1491.041626
"Bahamas, The",BHS,2012,1568.287964
"Bahamas, The",BHS,2013,1609.317993
"Bahamas, The",BHS,2014,1670.240356
"Bahamas, The",BHS,2015,1635.882935
"Bahamas, The",BHS,2016,1774.021729
"Bahamas, The",BHS,2017,2174.176758
"Bahamas, The",BHS,2018,2013.379272
Bahrain,BHR,2008,757.736145
Bahrain,BHR,2009,785.2603149
Bahrain,BHR,2010,796.3184204
Bahrain,BHR,2011,805.3147583
Bahrain,BHR,2012,971.3684692
Bahrain,BHR,2013,1066.132446
Bahrain,BHR,2014,1101.256836
Bahrain,BHR,2015,1128.759155
Bahrain,BHR,2016,1098.883545
Bahrain,BHR,2017,1126.066895
Bahrain,BHR,2018,994.1790161
Bangladesh,BGD,2008,15.80424309
Bangladesh,BGD,2009,17.92318726
Bangladesh,BGD,2010,20.80270004
Bangladesh,BGD,2011,22.84561729
Bangladesh,BGD,2012,23.45907974
Bangladesh,BGD,2013,26.67387962
Bangladesh,BGD,2014,29.74625206
Bangladesh,BGD,2015,32.84908676
Bangladesh,BGD,2016,34.58186722
Bangladesh,BGD,2017,37.43084717
Bangladesh,BGD,2018,41.90905762
Barbados,BRB,2008,1107.046021
Barbados,BRB,2009,1135.609863
Barbados,BRB,2010,1087.656494
Barbados,BRB,2011,1135.5177
Barbados,BRB,2012,1263.918701
Barbados,BRB,2013,1233.114868
Barbados,BRB,2014,1153.884155
Barbados,BRB,2015,1119.548218
Barbados,BRB,2016,1129.193359
Barbados,BRB,2017,1151.693726
Barbados,BRB,2018,1164.544556
Belarus,BLR,2008,351.7279663
Belarus,BLR,2009,290.7015381
Belarus,BLR,2010,343.6791077
Belarus,BLR,2011,319.7537231
Belarus,BLR,2012,365.874939
Belarus,BLR,2013,456.4916687
Belarus,BLR,2014,450.2226257
Belarus,BLR,2015,362.7528381
Belarus,BLR,2016,298.6265869
Belarus,BLR,2017,333.5410767
Belarus,BLR,2018,356.2507324
Belgium,BEL,2008,4671.56543
Belgium,BEL,2009,4653.915039
Belgium,BEL,2010,4544.996094
Belgium,BEL,2011,4943.832031
Belgium,BEL,2012,4706.618164
Belgium,BEL,2013,4947.864746
Belgium,BEL,2014,4999.188477
Belgium,BEL,2015,4290
Belgium,BEL,2016,4328.846191
Belgium,BEL,2017,4618.208984
Belgium,BEL,2018,4912.700684
Belize,BLZ,2008,249.6313171
Belize,BLZ,2009,241.4853516
Belize,BLZ,2010,242.3494263
Belize,BLZ,2011,252.9458771
Belize,BLZ,2012,246.7604675
Belize,BLZ,2013,258.2254028
Belize,BLZ,2014,292.4444275
Belize,BLZ,2015,284.114502
Belize,BLZ,2016,296.2240295
Belize,BLZ,2017,282.5827942
Belize,BLZ,2018,285.9858398
Benin,BEN,2008,30.30306816
Benin,BEN,2009,30.71387672
Benin,BEN,2010,31.04154778
Benin,BEN,2011,34.96141434
Benin,BEN,2012,39.10080719
Benin,BEN,2013,35.76725006
Benin,BEN,2014,34.44753647
Benin,BEN,2015,31.30697823
Benin,BEN,2016,30.22834778
Benin,BEN,2017,30.05702591
Benin,BEN,2018,30.9390583
Bermuda,BMU,2008,0
Bermuda,BMU,2009,0
Bermuda,BMU,2010,0
Bermuda,BMU,2011,0
Bermuda,BMU,2012,0
Bermuda,BMU,2013,0
Bermuda,BMU,2014,0
Bermuda,BMU,2015,0
Bermuda,BMU,2016,0
Bermuda,BMU,2017,0
Bermuda,BMU,2018,0
Bhutan,BTN,2008,58.85731506
Bhutan,BTN,2009,61.12592697
Bhutan,BTN,2010,74.09108734
Bhutan,BTN,2011,79.5575943
Bhutan,BTN,2012,85.97568512
Bhutan,BTN,2013,88.24406433
Bhutan,BTN,2014,88.89917755
Bhutan,BTN,2015,98.56243896
Bhutan,BTN,2016,98.90504456
Bhutan,BTN,2017,104.8551025
Bhutan,BTN,2018,102.7385178
Bolivia,BOL,2008,79.01570129
Bolivia,BOL,2009,90.77088165
Bolivia,BOL,2010,101.7298813
Bolivia,BOL,2011,121.3785858
Bolivia,BOL,2012,137.1217804
Bolivia,BOL,2013,162.1219788
Bolivia,BOL,2014,181.7120514
Bolivia,BOL,2015,198.8755798
Bolivia,BOL,2016,210.2380981
Bolivia,BOL,2017,217.4946899
Bolivia,BOL,2018,223.5978851
Bosnia and Herzegovina,BIH,2008,482.9365234
Bosnia and Herzegovina,BIH,2009,425.0511475
Bosnia and Herzegovina,BIH,2010,417.7483215
Bosnia and Herzegovina,BIH,2011,467.0319214
Bosnia and Herzegovina,BIH,2012,452.9765015
Bosnia and Herzegovina,BIH,2013,486.1761169
Bosnia and Herzegovina,BIH,2014,503.9924622
Bosnia and Herzegovina,BIH,2015,441.4607544
Bosnia and Herzegovina,BIH,2016,460.8853455
Bosnia and Herzegovina,BIH,2017,481.8325806
Bosnia and Herzegovina,BIH,2018,539.5466309
Botswana,BWA,2008,330.3592224
Botswana,BWA,2009,342.9356384
Botswana,BWA,2010,398.5707092
Botswana,BWA,2011,440.0437012
Botswana,BWA,2012,483.8059082
Botswana,BWA,2013,449.7056885
Botswana,BWA,2014,435.5536804
Botswana,BWA,2015,389.3807373
Botswana,BWA,2016,402.8016357
Botswana,BWA,2017,484.2239075
Botswana,BWA,2018,482.9630737
Brazil,BRA,2008,707.4912109
Brazil,BRA,2009,721.7680054
Brazil,BRA,2010,896.6971436
Brazil,BRA,2011,1031.576172
Brazil,BRA,2012,957.0070801
Brazil,BRA,2013,981.152832
Brazil,BRA,2014,1017.047119
Brazil,BRA,2015,781.8099976
Brazil,BRA,2016,801.4113159
Brazil,BRA,2017,935.2991943
Brazil,BRA,2018,848.388855
British Virgin Islands,VGB,2008,0
British Virgin Islands,VGB,2009,0
British Virgin Islands,VGB,2010,0
British Virgin Islands,VGB,2011,0
British Virgin Islands,VGB,2012,0
British Virgin Islands,VGB,2013,0
British Virgin Islands,VGB,2014,0
British Virgin Islands,VGB,2015,0
British Virgin Islands,VGB,2016,0
British Virgin Islands,VGB,2017,0
British Virgin Islands,VGB,2018,0
Brunei Darussalam,BRN,2008,788.6153565
Brunei Darussalam,BRN,2009,741.2953491
Brunei Darussalam,BRN,2010,803.5268555
Brunei Darussalam,BRN,2011,877.1575928
Brunei Darussalam,BRN,2012,883.6755981
Brunei Darussalam,BRN,2013,849.3306274
Brunei Darussalam,BRN,2014,798.7937012
Brunei Darussalam,BRN,2015,743.920044
Brunei Darussalam,BRN,2016,692.0357056
Brunei Darussalam,BRN,2017,648.6688232
Brunei Darussalam,BRN,2018,763.1528931
Bulgaria,BGR,2008,455.5405884
Bulgaria,BGR,2009,459.3002014
Bulgaria,BGR,2010,484.7522888
Bulgaria,BGR,2011,555.8641968
Bulgaria,BGR,2012,558.6479492
Bulgaria,BGR,2013,547.454834
Bulgaria,BGR,2014,605.2589111
Bulgaria,BGR,2015,521.4190674
Bulgaria,BGR,2016,562.3408203
Bulgaria,BGR,2017,618.7059326
Bulgaria,BGR,2018,689.9053955
Burkina Faso,BFA,2008,29.78364944
Burkina Faso,BFA,2009,31.59088516
Burkina Faso,BFA,2010,33.91081619
Burkina Faso,BFA,2011,34.8739357
Burkina Faso,BFA,2012,34.89026642
Burkina Faso,BFA,2013,43.79697418
Burkina Faso,BFA,2014,39.59173203
Burkina Faso,BFA,2015,33.51475906
Burkina Faso,BFA,2016,40.95483017
Burkina Faso,BFA,2017,44.40372086
Burkina Faso,BFA,2018,40.24945068
Burundi,BDI,2008,18.31873894
Burundi,BDI,2009,21.8832016
Burundi,BDI,2010,26.41332245
Burundi,BDI,2011,25.13240814
Burundi,BDI,2012,21.51785278
Burundi,BDI,2013,21.93877029
Burundi,BDI,2014,20.53392982
Burundi,BDI,2015,19.4568367
Burundi,BDI,2016,22.41840553
Burundi,BDI,2017,23.58145905
Burundi,BDI,2018,24.02547073
Cabo Verde,CPV,2008,133.2350769
Cabo Verde,CPV,2009,135.4057159
Cabo Verde,CPV,2010,151.160141
Cabo Verde,CPV,2011,161.0337372
Cabo Verde,CPV,2012,176.9837341
Cabo Verde,CPV,2013,191.2829895
Cabo Verde,CPV,2014,191.176239
Cabo Verde,CPV,2015,146.607605
Cabo Verde,CPV,2016,151.6964111
Cabo Verde,CPV,2017,176.4893799
Cabo Verde,CPV,2018,194.8568726
Cambodia,KHM,2008,49.2183609
Cambodia,KHM,2009,55.96894836
Cambodia,KHM,2010,54.29156113
Cambodia,KHM,2011,66.20181274
Cambodia,KHM,2012,69.04489136
Cambodia,KHM,2013,71.99204254
Cambodia,KHM,2014,73.28150177
Cambodia,KHM,2015,72.03400421
Cambodia,KHM,2016,77.65436554
Cambodia,KHM,2017,82.05518341
Cambodia,KHM,2018,90.55628204
Cameroon,CMR,2008,52.45386124
Cameroon,CMR,2009,49.16592789
Cameroon,CMR,2010,48.31293106
Cameroon,CMR,2011,56.36682129
Cameroon,CMR,2012,55.1756134
Cameroon,CMR,2013,55.45908356
Cameroon,CMR,2014,60.85925674
Cameroon,CMR,2015,49.74619293
Cameroon,CMR,2016,50.8497467
Cameroon,CMR,2017,49.64924622
Cameroon,CMR,2018,54.13952637
Canada,CAN,2008,4459.876465
Canada,CAN,2009,4357.233887
Canada,CAN,2010,5048.309082
Canada,CAN,2011,5355.67627
Canada,CAN,2012,5459.959473
Canada,CAN,2013,5409.788086
Canada,CAN,2014,5189.82666
Canada,CAN,2015,4615.64209
Canada,CAN,2016,4610.92627
Canada,CAN,2017,4845.589844
Canada,CAN,2018,4994.902344
Cayman Islands,CYM,2008,0
Cayman Islands,CYM,2009,0
Cayman Islands,CYM,2010,0
Cayman Islands,CYM,2011,0
Cayman Islands,CYM,2012,0
Cayman Islands,CYM,2013,0
Cayman Islands,CYM,2014,0
Cayman Islands,CYM,2015,0
Cayman Islands,CYM,2016,0
Cayman Islands,CYM,2017,0
Cayman Islands,CYM,2018,0
Chad,TCD,2008,37.71233368
Chad,TCD,2009,35.68569183
Chad,TCD,2010,36.28798676
Chad,TCD,2011,38.49904251
Chad,TCD,2012,37.41161346
Chad,TCD,2013,39.95672226
Chad,TCD,2014,43.72490692
Chad,TCD,2015,35.09303284
Chad,TCD,2016,34.352211
Chad,TCD,2017,29.49969864
Chad,TCD,2018,29.23851013
Channel Islands,CHI,2008,0
Channel Islands,CHI,2009,0
Channel Islands,CHI,2010,0
Channel Islands,CHI,2011,0
Channel Islands,CHI,2012,0
Channel Islands,CHI,2013,0
Channel Islands,CHI,2014,0
Channel Islands,CHI,2015,0
Channel Islands,CHI,2016,0
Channel Islands,CHI,2017,0
Channel Islands,CHI,2018,0
Chile,CHL,2008,724.7012329
Chile,CHL,2009,735.9789429
Chile,CHL,2010,867.7307739
Chile,CHL,2011,991.2028809
Chile,CHL,2012,1077.82019
Chile,CHL,2013,1179.472656
Chile,CHL,2014,1145.408569
Chile,CHL,2015,1127.021606
Chile,CHL,2016,1171.623047
Chile,CHL,2017,1360.173584
Chile,CHL,2018,1455.60791
China,CHN,2008,131.8872833
China,CHN,2009,162.6175537
China,CHN,2010,186.4915009
China,CHN,2011,236.3749237
China,CHN,2012,281.6771545
China,CHN,2013,326.0415955
China,CHN,2014,359.3093262
China,CHN,2015,390.1040955
China,CHN,2016,395.3599548
China,CHN,2017,437.2567444
China,CHN,2018,501.0593872
Colombia,COL,2008,374.4269714
Colombia,COL,2009,379.6958618
Colombia,COL,2010,448.0877686
Colombia,COL,2011,497.3807068
Colombia,COL,2012,543.0700073
Colombia,COL,2013,576.7012329
Colombia,COL,2014,583.0588989
Colombia,COL,2015,464.6349793
Colombia,COL,2016,442.1382446
Colombia,COL,2017,489.6445923
Colombia,COL,2018,513.1586914
Comoros,COM,2008,72.68344879
Comoros,COM,2009,68.19288635
Comoros,COM,2010,67.074646
Comoros,COM,2011,78.71292114
Comoros,COM,2012,65.57981873
Comoros,COM,2013,69.27052307
Comoros,COM,2014,68.98582458
Comoros,COM,2015,60.21103287
Comoros,COM,2016,60.74297714
Comoros,COM,2017,61.72988892
Comoros,COM,2018,65.22776031
"Congo, Dem. Rep.",COD,2008,16.02249908
"Congo, Dem. Rep.",COD,2009,13.28515053
"Congo, Dem. Rep.",COD,2010,12.52543068
"Congo, Dem. Rep.",COD,2011,12.46153259
"Congo, Dem. Rep.",COD,2012,14.01603508
"Congo, Dem. Rep.",COD,2013,16.326828
"Congo, Dem. Rep.",COD,2014,19.37128258
"Congo, Dem. Rep.",COD,2015,19.87244987
"Congo, Dem. Rep.",COD,2016,20.58203506
"Congo, Dem. Rep.",COD,2017,19.41761589
"Congo, Dem. Rep.",COD,2018,18.51088905
"Congo, Rep.",COG,2008,64.76908875
"Congo, Rep.",COG,2009,50.04588318
"Congo, Rep.",COG,2010,56.91404343
"Congo, Rep.",COG,2011,62.34162521
"Congo, Rep.",COG,2012,74.91969299
"Congo, Rep.",COG,2013,75.47943115
"Congo, Rep.",COG,2014,74.514328
"Congo, Rep.",COG,2015,60.12829971
"Congo, Rep.",COG,2016,54.10359192
"Congo, Rep.",COG,2017,51.26589584
"Congo, Rep.",COG,2018,47.5177536
Costa Rica,CRI,2008,515.4333496
Costa Rica,CRI,2009,534.5744629
Costa Rica,CRI,2010,660.5864258
Costa Rica,CRI,2011,749.6449585
Costa Rica,CRI,2012,784.4829712
Costa Rica,CRI,2013,825.3932495
Costa Rica,CRI,2014,831.3001709
Costa Rica,CRI,2015,883.9154663
Costa Rica,CRI,2016,878.888916
Costa Rica,CRI,2017,861.3200684
Costa Rica,CRI,2018,909.6730957
Cote d'Ivoire,CIV,2008,78.02518463
Cote d'Ivoire,CIV,2009,74.76235962
Cote d'Ivoire,CIV,2010,73.97220612
Cote d'Ivoire,CIV,2011,74.19325256
Cote d'Ivoire,CIV,2012,76.09120941
Cote d'Ivoire,CIV,2013,72.7405014
Cote d'Ivoire,CIV,2014,80.42262268
Cote d'Ivoire,CIV,2015,63.07769775
Cote d'Ivoire,CIV,2016,67.21105194
Cote d'Ivoire,CIV,2017,69.34188843
Cote d'Ivoire,CIV,2018,71.88140869
Croatia,HRV,2008,1258.872437
Croatia,HRV,2009,1187.545288
Croatia,HRV,2010,1126.373657
Croatia,HRV,2011,1132.498901
Croatia,HRV,2012,1029.971191
Croatia,HRV,2013,889.944519
Croatia,HRV,2014,909.3716431
Croatia,HRV,2015,795.520813
Croatia,HRV,2016,840.9050293
Croatia,HRV,2017,902.6252441
Croatia,HRV,2018,1014.222351
Cuba,CUB,2008,612.2435913
Cuba,CUB,2009,679.6263428
Cuba,CUB,2010,612.4650879
Cuba,CUB,2011,699.8342896
Cuba,CUB,2012,604.2123413
Cuba,CUB,2013,713.241333
Cuba,CUB,2014,866.0756226
Cuba,CUB,2015,986.7340088
Cuba,CUB,2016,984.8484497
Cuba,CUB,2017,1000.289551
Cuba,CUB,2018,986.9373169
Curacao,CUW,2008,0
Curacao,CUW,2009,0
Curacao,CUW,2010,0
Curacao,CUW,2011,0
Curacao,CUW,2012,0
Curacao,CUW,2013,0
Curacao,CUW,2014,0
Curacao,CUW,2015,0
Curacao,CUW,2016,0
Curacao,CUW,2017,0
Curacao,CUW,2018,0
Cyprus,CYP,2008,2155.246582
Cyprus,CYP,2009,2105.477783
Cyprus,CYP,2010,2045.292358
Cyprus,CYP,2011,2114.668945
Cyprus,CYP,2012,1899.372559
Cyprus,CYP,2013,1916.322632
Cyprus,CYP,2014,1873.891357
Cyprus,CYP,2015,1616.549438
Cyprus,CYP,2016,1681.903687
Cyprus,CYP,2017,1780.3479
Cyprus,CYP,2018,1954.40686
Czech Republic,CZE,2008,1449.336792
Czech Republic,CZE,2009,1442.242798
Czech Republic,CZE,2010,1373.931763
Czech Republic,CZE,2011,1516.55542
Czech Republic,CZE,2012,1387.406006
Czech Republic,CZE,2013,1554.509033
Czech Republic,CZE,2014,1512.926147
Czech Republic,CZE,2015,1284.046753
Czech Republic,CZE,2016,1321.620239
Czech Republic,CZE,2017,1475.915161
Czech Republic,CZE,2018,1765.588379
Denmark,DNK,2008,6137.776367
Denmark,DNK,2009,6221.688965
Denmark,DNK,2010,6011.538086
Denmark,DNK,2011,6281.004395
Denmark,DNK,2012,6003.830566
Denmark,DNK,2013,6236.554199
Denmark,DNK,2014,6380.784668
Denmark,DNK,2015,5469.334961
Denmark,DNK,2016,5565.593262
Denmark,DNK,2017,5800.152832
Denmark,DNK,2018,6216.768555
Djibouti,DJI,2008,53.96245575
Djibouti,DJI,2009,55.32074356
Djibouti,DJI,2010,56.2014122
Djibouti,DJI,2011,68.77837372
Djibouti,DJI,2012,72.22033691
Djibouti,DJI,2013,67.53491211
Djibouti,DJI,2014,73.12316895
Djibouti,DJI,2015,82.28987885
Djibouti,DJI,2016,76.86833954
Djibouti,DJI,2017,72.2347641
Djibouti,DJI,2018,70.86093903
Dominica,DMA,2008,326.6416931
Dominica,DMA,2009,344.1196594
Dominica,DMA,2010,359.221344
Dominica,DMA,2011,376.9500732
Dominica,DMA,2012,396.8137817
Dominica,DMA,2013,375.1051025
Dominica,DMA,2014,385.1565857
Dominica,DMA,2015,393.936554
Dominica,DMA,2016,415.8875122
Dominica,DMA,2017,398.7094116
Dominica,DMA,2018,490.8182983
Dominican Republic,DOM,2008,240.4110718
Dominican Republic,DOM,2009,256.3579102
Dominican Republic,DOM,2010,309.9571838
Dominican Republic,DOM,2011,335.0012817
Dominican Republic,DOM,2012,359.6081848
Dominican Republic,DOM,2013,359.5705566
Dominican Republic,DOM,2014,380.0755005
Dominican Republic,DOM,2015,400.3849487
Dominican Republic,DOM,2016,424.3001709
Dominican Republic,DOM,2017,443.6706848
Dominican Republic,DOM,2018,461.542511
Ecuador,ECU,2008,247.1404266
Ecuador,ECU,2009,272.4638062
Ecuador,ECU,2010,330.0005493
Ecuador,ECU,2011,409.0367737
Ecuador,ECU,2012,481.8218994
Ecuador,ECU,2013,518.4137573
Ecuador,ECU,2014,549.784729
Ecuador,ECU,2015,525.9973145
Ecuador,ECU,2016,502.7444763
Ecuador,ECU,2017,513.0761719
Ecuador,ECU,2018,516.2479858
"Egypt, Arab Rep.",EGY,2008,97.20935059
"Egypt, Arab Rep.",EGY,2009,106.6651917
"Egypt, Arab Rep.",EGY,2010,113.2481995
"Egypt, Arab Rep.",EGY,2011,125.2548676
"Egypt, Arab Rep.",EGY,2012,150.7184143
"Egypt, Arab Rep.",EGY,2013,150.6195984
"Egypt, Arab Rep.",EGY,2014,167.2470856
"Egypt, Arab Rep.",EGY,2015,183.4326172
"Egypt, Arab Rep.",EGY,2016,153.4869537
"Egypt, Arab Rep.",EGY,2017,113.9753799
"Egypt, Arab Rep.",EGY,2018,125.545372
El Salvador,SLV,2008,224.842514
El Salvador,SLV,2009,240.0522308
El Salvador,SLV,2010,245.7085877
El Salvador,SLV,2011,265.9998169
El Salvador,SLV,2012,258.4768982
El Salvador,SLV,2013,270.8797607
El Salvador,SLV,2014,275.6874085
El Salvador,SLV,2015,282.7453308
El Salvador,SLV,2016,293.2580261
El Salvador,SLV,2017,282.0367432
El Salvador,SLV,2018,288.5174561
Equatorial Guinea,GNQ,2008,419.6589966
Equatorial Guinea,GNQ,2009,307.4200134
Equatorial Guinea,GNQ,2010,314.1137085
Equatorial Guinea,GNQ,2011,335.7826843
Equatorial Guinea,GNQ,2012,274.3520508
Equatorial Guinea,GNQ,2013,382.3539429
Equatorial Guinea,GNQ,2014,424.7312012
Equatorial Guinea,GNQ,2015,328.8190918
Equatorial Guinea,GNQ,2016,290.6811523
Equatorial Guinea,GNQ,2017,293.1333923
Equatorial Guinea,GNQ,2018,314.2987671
Eritrea,ERI,2008,19.32589912
Eritrea,ERI,2009,22.39599228
Eritrea,ERI,2010,24.63759232
Eritrea,ERI,2011,33.50611496
Eritrea,ERI,2012,26.19568443
Eritrea,ERI,2013,29.78876877
Eritrea,ERI,2014,31.86192322
Eritrea,ERI,2015,26.75016403
Eritrea,ERI,2016,22.77753258
Eritrea,ERI,2017,21.17291069
Eritrea,ERI,2018,23.78602791
Estonia,EST,2008,1038.562256
Estonia,EST,2009,963.0196533
Estonia,EST,2010,926.4541626
Estonia,EST,2011,1015.968262
Estonia,EST,2012,1013.314209
Estonia,EST,2013,1144.646851
Estonia,EST,2014,1238.927002
Estonia,EST,2015,1112.914063
Estonia,EST,2016,1186.102783
Estonia,EST,2017,1350.380615
Estonia,EST,2018,1552.96875
Eswatini,SWZ,2008,277.9058533
Eswatini,SWZ,2009,292.2944031
Eswatini,SWZ,2010,358.1239014
Eswatini,SWZ,2011,380.8573608
Eswatini,SWZ,2012,354.0736389
Eswatini,SWZ,2013,315.4493713
Eswatini,SWZ,2014,293.0811462
Eswatini,SWZ,2015,259.5190735
Eswatini,SWZ,2016,233.6351471
Eswatini,SWZ,2017,273.1782227
Eswatini,SWZ,2018,271.1400757
Ethiopia,ETH,2008,13.45180225
Ethiopia,ETH,2009,15.63803864
Ethiopia,ETH,2010,16.7058506
Ethiopia,ETH,2011,15.11116791
Ethiopia,ETH,2012,20.66479111
Ethiopia,ETH,2013,19.88365173
Ethiopia,ETH,2014,22.27192688
Ethiopia,ETH,2015,23.91623878
Ethiopia,ETH,2016,25.07559586
Ethiopia,ETH,2017,24.92481232
Ethiopia,ETH,2018,24.22611809
Faroe Islands,FRO,2008,0
Faroe Islands,FRO,2009,0
Faroe Islands,FRO,2010,0
Faroe Islands,FRO,2011,0
Faroe Islands,FRO,2012,0
Faroe Islands,FRO,2013,0
Faroe Islands,FRO,2014,0
Faroe Islands,FRO,2015,0
Faroe Islands,FRO,2016,0
Faroe Islands,FRO,2017,0
Faroe Islands,FRO,2018,0
Fiji,FJI,2008,143.7672424
Fiji,FJI,2009,128.8149262
Fiji,FJI,2010,135.1828156
Fiji,FJI,2011,148.8311462
Fiji,FJI,2012,162.4147339
Fiji,FJI,2013,167.8189392
Fiji,FJI,2014,188.8338776
Fiji,FJI,2015,179.2215424
Fiji,FJI,2016,185.3479157
Fiji,FJI,2017,194.4359131
Fiji,FJI,2018,214.5537872
Finland,FIN,2008,4481.216797
Finland,FIN,2009,4347.121582
Finland,FIN,2010,4249.602051
Finland,FIN,2011,4715.935059
Finland,FIN,2012,4572.523438
Finland,FIN,2013,4892.097168
Finland,FIN,2014,4922.675781
Finland,FIN,2015,4127.149902
Finland,FIN,2016,4107.062988
Finland,FIN,2017,4233.468262
Finland,FIN,2018,4515.677246
France,FRA,2008,4812.536621
France,FRA,2009,4741.415527
France,FRA,2010,4598.320313
France,FRA,2011,4939.310547
France,FRA,2012,4651.108398
France,FRA,2013,4901.933105
France,FRA,2014,4998.668457
France,FRA,2015,4208.38623
France,FRA,2016,4268.174316
France,FRA,2017,4424.507813
France,FRA,2018,4690.072266
French Polynesia,PYF,2008,0
French Polynesia,PYF,2009,0
French Polynesia,PYF,2010,0
French Polynesia,PYF,2011,0
French Polynesia,PYF,2012,0
French Polynesia,PYF,2013,0
French Polynesia,PYF,2014,0
French Polynesia,PYF,2015,0
French Polynesia,PYF,2016,0
French Polynesia,PYF,2017,0
French Polynesia,PYF,2018,0
Gabon,GAB,2008,285.3922424
Gabon,GAB,2009,297.4153748
Gabon,GAB,2010,218.8583832
Gabon,GAB,2011,276.1181946
Gabon,GAB,2012,237.5954742
Gabon,GAB,2013,275.0193481
Gabon,GAB,2014,244.4314728
Gabon,GAB,2015,196.1650543
Gabon,GAB,2016,216.9078522
Gabon,GAB,2017,200.5618897
Gabon,GAB,2018,218.3686066
"Gambia, The",GMB,2008,42.96466064
"Gambia, The",GMB,2009,36.94911575
"Gambia, The",GMB,2010,35.2233963
"Gambia, The",GMB,2011,33.1423111
"Gambia, The",GMB,2012,31.41952705
"Gambia, The",GMB,2013,27.41661644
"Gambia, The",GMB,2014,22.47270203
"Gambia, The",GMB,2015,20.98540878
"Gambia, The",GMB,2016,21.80244827
"Gambia, The",GMB,2017,22.71026421
"Gambia, The",GMB,2018,22.15542793
Georgia,GEO,2008,268.1403503
Georgia,GEO,2009,257.0617676
Georgia,GEO,2010,271.0166626
Georgia,GEO,2011,296.6886902
Georgia,GEO,2012,326.4760742
Georgia,GEO,2013,334.6890564
Georgia,GEO,2014,345.2559815
Georgia,GEO,2015,275.8408203
Georgia,GEO,2016,301.5457764
Georgia,GEO,2017,285.9877014
Georgia,GEO,2018,312.7469177
Germany,DEU,2008,4669.635254
Germany,DEU,2009,4674.783203
Germany,DEU,2010,4611.810547
Germany,DEU,2011,5036.484863
Germany,DEU,2012,4762.847656
Germany,DEU,2013,5096.820801
Germany,DEU,2014,5304.318848
Germany,DEU,2015,4622.206543
Germany,DEU,2016,4742.03418
Germany,DEU,2017,5052.67334
Germany,DEU,2018,5472.202148
Ghana,GHA,2008,68.42399597
Ghana,GHA,2009,67.71266937
Ghana,GHA,2010,81.50324249
Ghana,GHA,2011,100.2524643
Ghana,GHA,2012,91.01084137
Ghana,GHA,2013,109.9452362
Ghana,GHA,2014,80.73294067
Ghana,GHA,2015,81.61917114
Ghana,GHA,2016,66.85653687
Ghana,GHA,2017,67.45523071
Ghana,GHA,2018,77.91143036
Gibraltar,GIB,2008,0
Gibraltar,GIB,2009,0
Gibraltar,GIB,2010,0
Gibraltar,GIB,2011,0
Gibraltar,GIB,2012,0
Gibraltar,GIB,2013,0
Gibraltar,GIB,2014,0
Gibraltar,GIB,2015,0
Gibraltar,GIB,2016,0
Gibraltar,GIB,2017,0
Gibraltar,GIB,2018,0
Greece,GRC,2008,2840.508545
Greece,GRC,2009,2809.05957
Greece,GRC,2010,2564.369873
Greece,GRC,2011,2338.915771
Greece,GRC,2012,1948.248169
Greece,GRC,2013,1813.878296
Greece,GRC,2014,1705.11438
Greece,GRC,2015,1452.074463
Greece,GRC,2016,1488.198608
Greece,GRC,2017,1505.941406
Greece,GRC,2018,1566.899902
Greenland,GRL,2008,0
Greenland,GRL,2009,0
Greenland,GRL,2010,0
Greenland,GRL,2011,0
Greenland,GRL,2012,0
Greenland,GRL,2013,0
Greenland,GRL,2014,0
Greenland,GRL,2015,0
Greenland,GRL,2016,0
Greenland,GRL,2017,0
Greenland,GRL,2018,0
Grenada,GRD,2008,421.8442993
Grenada,GRD,2009,396.1437683
Grenada,GRD,2010,393.3341065
Grenada,GRD,2011,423.1154175
Grenada,GRD,2012,433.5095215
Grenada,GRD,2013,438.2797241
Grenada,GRD,2014,399.5325317
Grenada,GRD,2015,422.7217712
Grenada,GRD,2016,427.5127258
Grenada,GRD,2017,466.7496033
Grenada,GRD,2018,474.5328064
Guam,GUM,2008,0
Guam,GUM,2009,0
Guam,GUM,2010,0
Guam,GUM,2011,0
Guam,GUM,2012,0
Guam,GUM,2013,0
Guam,GUM,2014,0
Guam,GUM,2015,0
Guam,GUM,2016,0
Guam,GUM,2017,0
Guam,GUM,2018,0
Guatemala,GTM,2008,174.7788696
Guatemala,GTM,2009,168.1847839
Guatemala,GTM,2010,173.7517853
Guatemala,GTM,2011,189.2429047
Guatemala,GTM,2012,198.4665527
Guatemala,GTM,2013,196.1355896
Guatemala,GTM,2014,213.942749
Guatemala,GTM,2015,229.8061981
Guatemala,GTM,2016,241.7825317
Guatemala,GTM,2017,259.9125061
Guatemala,GTM,2018,259.6201782
Guinea,GIN,2008,23.32725334
Guinea,GIN,2009,24.11268997
Guinea,GIN,2010,23.04640198
Guinea,GIN,2011,24.67529106
Guinea,GIN,2012,24.29986
Guinea,GIN,2013,26.61382103
Guinea,GIN,2014,37.69287872
Guinea,GIN,2015,44.68756485
Guinea,GIN,2016,39.55763626
Guinea,GIN,2017,36.50824356
Guinea,GIN,2018,38.31764221
Guinea-Bissau,GNB,2008,41.70643997
Guinea-Bissau,GNB,2009,39.16440582
Guinea-Bissau,GNB,2010,36.09091187
Guinea-Bissau,GNB,2011,43.17166519
Guinea-Bissau,GNB,2012,35.52560806
Guinea-Bissau,GNB,2013,43.96840286
Guinea-Bissau,GNB,2014,59.30418015
Guinea-Bissau,GNB,2015,51.83914566
Guinea-Bissau,GNB,2016,50.6244812
Guinea-Bissau,GNB,2017,50.57252884
Guinea-Bissau,GNB,2018,53.29457474
Guyana,GUY,2008,143.8078766
Guyana,GUY,2009,154.4651794
Guyana,GUY,2010,176.9506683
Guyana,GUY,2011,190.9325562
Guyana,GUY,2012,195.220047
Guyana,GUY,2013,206.0122986
Guyana,GUY,2014,214.1989899
Guyana,GUY,2015,223.6776733
Guyana,GUY,2016,233.5249481
Guyana,GUY,2017,263.2581482
Guyana,GUY,2018,295.5578919
Haiti,HTI,2008,39.96041489
Haiti,HTI,2009,40.94065857
Haiti,HTI,2010,54.9171524
Haiti,HTI,2011,75.70629883
Haiti,HTI,2012,73.7585144
Haiti,HTI,2013,58.3646965
Haiti,HTI,2014,64.02371216
Haiti,HTI,2015,67.40187836
Haiti,HTI,2016,59.13440323
Haiti,HTI,2017,62.72842407
Haiti,HTI,2018,64.24588013
Honduras,HND,2008,149.6478577
Honduras,HND,2009,161.0005493
Honduras,HND,2010,166.1611633
Honduras,HND,2011,183.6016846
Honduras,HND,2012,185.6259155
Honduras,HND,2013,178.2416534
Honduras,HND,2014,174.5997925
Honduras,HND,2015,172.2920532
Honduras,HND,2016,180.1677551
Honduras,HND,2017,171.5148926
Honduras,HND,2018,176.2472687
"Hong Kong SAR, China",HKG,2008,0
"Hong Kong SAR, China",HKG,2009,0
"Hong Kong SAR, China",HKG,2010,0
"Hong Kong SAR, China",HKG,2011,0
"Hong Kong SAR, China",HKG,2012,0
"Hong Kong SAR, China",HKG,2013,0
"Hong Kong SAR, China",HKG,2014,0
"Hong Kong SAR, China",HKG,2015,0
"Hong Kong SAR, China",HKG,2016,0
"Hong Kong SAR, China",HKG,2017,0
"Hong Kong SAR, China",HKG,2018,0
Hungary,HUN,2008,1117.202271
Hungary,HUN,2009,943.6876831
Hungary,HUN,2010,983.1108398
Hungary,HUN,2011,1063.432251
Hungary,HUN,2012,961.1383667
Hungary,HUN,2013,990.6311646
Hungary,HUN,2014,1006.156494
Hungary,HUN,2015,870.5192261
Hungary,HUN,2016,914.1935425
Hungary,HUN,2017,981.0388794
Hungary,HUN,2018,1081.802856
Iceland,ISL,2008,4946.0625
Iceland,ISL,2009,3693.556885
Iceland,ISL,2010,3644.802734
Iceland,ISL,2011,3866.707275
Iceland,ISL,2012,3705.375244
Iceland,ISL,2013,4028.831543
Iceland,ISL,2014,4474.374023
Iceland,ISL,2015,4281.575684
Iceland,ISL,2016,5067.690918
Iceland,ISL,2017,6109.912109
Iceland,ISL,2018,6530.932129
India,IND,2008,37.88212204
India,IND,2009,38.30339432
India,IND,2010,45.12977219
India,IND,2011,48.60390472
India,IND,2012,48.94621658
India,IND,2013,56.11839676
India,IND,2014,57.07431793
India,IND,2015,58.91690063
India,IND,2016,60.60255051
India,IND,2017,69.32007599
India,IND,2018,72.83453369
Indonesia,IDN,2008,61.95336533
Indonesia,IDN,2009,65.10107422
Indonesia,IDN,2010,92.45002747
Indonesia,IDN,2011,107.6673508
Indonesia,IDN,2012,107.2423248
Indonesia,IDN,2013,107.2918243
Indonesia,IDN,2014,108.838562
Indonesia,IDN,2015,99.65550232
Indonesia,IDN,2016,109.9377976
Indonesia,IDN,2017,110.0498047
Indonesia,IDN,2018,111.6779099
"Iran, Islamic Rep.",IRN,2008,302.4498291
"Iran, Islamic Rep.",IRN,2009,371.420105
"Iran, Islamic Rep.",IRN,2010,445.6636353
"Iran, Islamic Rep.",IRN,2011,530.7138062
"Iran, Islamic Rep.",IRN,2012,525.5848389
"Iran, Islamic Rep.",IRN,2013,418.8852844
"Iran, Islamic Rep.",IRN,2014,387.3760986
"Iran, Islamic Rep.",IRN,2015,379.2756348
"Iran, Islamic Rep.",IRN,2016,458.2581787
"Iran, Islamic Rep.",IRN,2017,478.3614807
"Iran, Islamic Rep.",IRN,2018,484.2865906
Iraq,IRQ,2008,132.1146545
Iraq,IRQ,2009,167.3632965
Iraq,IRQ,2010,150.45607
Iraq,IRQ,2011,168.7490234
Iraq,IRQ,2012,183.9160767
Iraq,IRQ,2013,199.5162201
Iraq,IRQ,2014,190.6933289
Iraq,IRQ,2015,156.8372345
Iraq,IRQ,2016,154.1859741
Iraq,IRQ,2017,214.3563385
Iraq,IRQ,2018,239.4130554
Ireland,IRL,2008,5638.779297
Ireland,IRL,2009,5502.887695
Ireland,IRL,2010,5133.455078
Ireland,IRL,2011,5570.705566
Ireland,IRL,2012,5239.337891
Ireland,IRL,2013,5331.600586
Ireland,IRL,2014,5399.598633
Ireland,IRL,2015,4561.737793
Ireland,IRL,2016,4717.568359
Ireland,IRL,2017,5019.701172
Ireland,IRL,2018,5489.070801
Isle of Man,IMN,2008,0
Isle of Man,IMN,2009,0
Isle of Man,IMN,2010,0
Isle of Man,IMN,2011,0
Isle of Man,IMN,2012,0
Isle of Man,IMN,2013,0
Isle of Man,IMN,2014,0
Isle of Man,IMN,2015,0
Isle of Man,IMN,2016,0
Isle of Man,IMN,2017,0
Isle of Man,IMN,2018,0
Israel,ISR,2008,2144.821533
Israel,ISR,2009,2039.003052
Israel,ISR,2010,2234.949707
Israel,ISR,2011,2437.046143
Israel,ISR,2012,2402.915771
Israel,ISR,2013,2678.361816
Israel,ISR,2014,2819.571777
Israel,ISR,2015,2670.466797
Israel,ISR,2016,2813.335938
Israel,ISR,2017,3212.791504
Israel,ISR,2018,3323.650635
Italy,ITA,2008,3504.111572
Italy,ITA,2009,3337.750732
Italy,ITA,2010,3217.682861
Italy,ITA,2011,3392.012695
Italy,ITA,2012,3086.303223
Italy,ITA,2013,3149.242676
Italy,ITA,2014,3154.275879
Italy,ITA,2015,2675.671631
Italy,ITA,2016,2699.73291
Italy,ITA,2017,2809.721436
Italy,ITA,2018,2988.99585
Jamaica,JAM,2008,276.5376892
Jamaica,JAM,2009,223.1117401
Jamaica,JAM,2010,249.0825958
Jamaica,JAM,2011,267.7389832
Jamaica,JAM,2012,254.507782
Jamaica,JAM,2013,247.2129669
Jamaica,JAM,2014,249.7215576
Jamaica,JAM,2015,276.0567322
Jamaica,JAM,2016,276.4597473
Jamaica,JAM,2017,311.8700562
Jamaica,JAM,2018,320.9763184
Japan,JPN,2008,3213.695557
Japan,JPN,2009,3686.154297
Japan,JPN,2010,4060.490967
Japan,JPN,2011,5087.356445
Japan,JPN,2012,5212.183594
Japan,JPN,2013,4336.106934
Japan,JPN,2014,4099.280273
Japan,JPN,2015,3733.376465
Japan,JPN,2016,4174.422363
Japan,JPN,2017,4121.036621
Japan,JPN,2018,4266.586914
Jordan,JOR,2008,293.3645935
Jordan,JOR,2009,328.3468628
Jordan,JOR,2010,305.2936096
Jordan,JOR,2011,313.9347839
Jordan,JOR,2012,305.7170715
Jordan,JOR,2013,289.8249817
Jordan,JOR,2014,297.8348999
Jordan,JOR,2015,310.6847229
Jordan,JOR,2016,298.8072205
Jordan,JOR,2017,337.7554016
Jordan,JOR,2018,330.1418762
Kazakhstan,KAZ,2008,256.544281
Kazakhstan,KAZ,2009,251.4995422
Kazakhstan,KAZ,2010,249.2689209
Kazakhstan,KAZ,2011,303.9808655
Kazakhstan,KAZ,2012,377.1272888
Kazakhstan,KAZ,2013,370.0940247
Kazakhstan,KAZ,2014,380.6600952
Kazakhstan,KAZ,2015,319.0499268
Kazakhstan,KAZ,2016,263.4837341
Kazakhstan,KAZ,2017,281.6177673
Kazakhstan,KAZ,2018,275.8546143
Kenya,KEN,2008,54.57352448
Kenya,KEN,2009,54.56043243
Kenya,KEN,2010,58.21165848
Kenya,KEN,2011,56.46788025
Kenya,KEN,2012,63.82013702
Kenya,KEN,2013,66.80593872
Kenya,KEN,2014,71.83386993
Kenya,KEN,2015,69.77667999
Kenya,KEN,2016,72.51428223
Kenya,KEN,2017,75.85467529
Kenya,KEN,2018,88.38527679
Kiribati,KIR,2008,200.8367004
Kiribati,KIR,2009,176.545578
Kiribati,KIR,2010,139.495224
Kiribati,KIR,2011,148.8027039
Kiribati,KIR,2012,154.0032349
Kiribati,KIR,2013,162.524765
Kiribati,KIR,2014,162.9607697
Kiribati,KIR,2015,123.3463974
Kiribati,KIR,2016,147.7773132
Kiribati,KIR,2017,175.0655212
Kiribati,KIR,2018,196.8479767
"Korea, Dem. People’s Rep.",PRK,2008,0
"Korea, Dem. People’s Rep.",PRK,2009,0
"Korea, Dem. People’s Rep.",PRK,2010,0
"Korea, Dem. People’s Rep.",PRK,2011,0
"Korea, Dem. People’s Rep.",PRK,2012,0
"Korea, Dem. People’s Rep.",PRK,2013,0
"Korea, Dem. People’s Rep.",PRK,2014,0
"Korea, Dem. People’s Rep.",PRK,2015,0
"Korea, Dem. People’s Rep.",PRK,2016,0
"Korea, Dem. People’s Rep.",PRK,2017,0
"Korea, Dem. People’s Rep.",PRK,2018,0
"Korea, Rep.",KOR,2008,1149.708618
"Korea, Rep.",KOR,2009,1106.064087
"Korea, Rep.",KOR,2010,1366.384399
"Korea, Rep.",KOR,2011,1512.452515
"Korea, Rep.",KOR,2012,1566.122803
"Korea, Rep.",KOR,2013,1701.154419
"Korea, Rep.",KOR,2014,1898.920898
"Korea, Rep.",KOR,2015,1918.689697
"Korea, Rep.",KOR,2016,2034.436768
"Korea, Rep.",KOR,2017,2258.668213
"Korea, Rep.",KOR,2018,2542.818115
Kosovo,XKX,2008,0
Kosovo,XKX,2009,0
Kosovo,XKX,2010,0
Kosovo,XKX,2011,0
Kosovo,XKX,2012,0
Kosovo,XKX,2013,0
Kosovo,XKX,2014,0
Kosovo,XKX,2015,0
Kosovo,XKX,2016,0
Kosovo,XKX,2017,0
Kosovo,XKX,2018,0
Kuwait,KWT,2008,1072.813354
Kuwait,KWT,2009,1453.460449
Kuwait,KWT,2010,1063.564697
Kuwait,KWT,2011,1272.992432
Kuwait,KWT,2012,1337.652588
Kuwait,KWT,2013,1276.945068
Kuwait,KWT,2014,1409.093628
Kuwait,KWT,2015,1199.363525
Kuwait,KWT,2016,1114.579956
Kuwait,KWT,2017,1560.541748
Kuwait,KWT,2018,1711.223389
Kyrgyz Republic,KGZ,2008,63.82300568
Kyrgyz Republic,KGZ,2009,60.65092087
Kyrgyz Republic,KGZ,2010,61.45378494
Kyrgyz Republic,KGZ,2011,79.82953644
Kyrgyz Republic,KGZ,2012,99.98524475
Kyrgyz Republic,KGZ,2013,104.7845841
Kyrgyz Republic,KGZ,2014,94.01564789
Kyrgyz Republic,KGZ,2015,80.11972809
Kyrgyz Republic,KGZ,2016,71.92367554
Kyrgyz Republic,KGZ,2017,76.98123169
Kyrgyz Republic,KGZ,2018,85.73608398
Lao PDR,LAO,2008,27.1896553
Lao PDR,LAO,2009,36.23551178
Lao PDR,LAO,2010,34.97488022
Lao PDR,LAO,2011,27.45368385
Lao PDR,LAO,2012,32.83571243
Lao PDR,LAO,2013,43.81321716
Lao PDR,LAO,2014,45.93084335
Lao PDR,LAO,2015,52.37848282
Lao PDR,LAO,2016,54.50793457
Lao PDR,LAO,2017,61.20571136
Lao PDR,LAO,2018,57.11195755
Latvia,LVA,2008,913.5214844
Latvia,LVA,2009,744.6616211
Latvia,LVA,2010,689.0772095
Latvia,LVA,2011,764.5917358
Latvia,LVA,2012,745.5174561
Latvia,LVA,2013,807.1300049
Latvia,LVA,2014,856.7665405
Latvia,LVA,2015,775.8643189
Latvia,LVA,2016,874.7977295
Latvia,LVA,2017,932.5015869
Latvia,LVA,2018,1101.492554
Lebanon,LBN,2008,477.757019
Lebanon,LBN,2009,515.3891602
Lebanon,LBN,2010,577.359375
Lebanon,LBN,2011,627.6420898
Lebanon,LBN,2012,633.5097046
Lebanon,LBN,2013,600.7730103
Lebanon,LBN,2014,605.2432861
Lebanon,LBN,2015,587.4569092
Lebanon,LBN,2016,609.0610352
Lebanon,LBN,2017,661.4279785
Lebanon,LBN,2018,686.4677734
Lesotho,LSO,2008,68.62264252
Lesotho,LSO,2009,80.58473969
Lesotho,LSO,2010,94.69707489
Lesotho,LSO,2011,125.0348663
Lesotho,LSO,2012,117.1376953
Lesotho,LSO,2013,116.8080139
Lesotho,LSO,2014,113.7230988
Lesotho,LSO,2015,103.6326523
Lesotho,LSO,2016,89.38617706
Lesotho,LSO,2017,111.6414261
Lesotho,LSO,2018,124.7896729
Liberia,LBR,2008,35.63352966
Liberia,LBR,2009,44.75388718
Liberia,LBR,2010,45.5770874
Liberia,LBR,2011,55.07883072
Liberia,LBR,2012,56.53076553
Liberia,LBR,2013,59.07529831
Liberia,LBR,2014,65.21392822
Liberia,LBR,2015,73.39692688
Liberia,LBR,2016,69.9858551
Liberia,LBR,2017,56.9612236
Liberia,LBR,2018,45.42477798
Libya,LBY,2008,321.2136231
Libya,LBY,2009,355.186615
Libya,LBY,2010,399.019165
Libya,LBY,2011,309.8786621
Libya,LBY,2012,0
Libya,LBY,2013,0
Libya,LBY,2014,0
Libya,LBY,2015,0
Libya,LBY,2016,0
Libya,LBY,2017,0
Libya,LBY,2018,0
Liechtenstein,LIE,2008,0
Liechtenstein,LIE,2009,0
Liechtenstein,LIE,2010,0
Liechtenstein,LIE,2011,0
Liechtenstein,LIE,2012,0
Liechtenstein,LIE,2013,0
Liechtenstein,LIE,2014,0
Liechtenstein,LIE,2015,0
Liechtenstein,LIE,2016,0
Liechtenstein,LIE,2017,0
Liechtenstein,LIE,2018,0
Lithuania,LTU,2008,936.5093384
Lithuania,LTU,2009,864.7363892
Lithuania,LTU,2010,805.2244873
Lithuania,LTU,2011,925.4716187
Lithuania,LTU,2012,896.9370728
Lithuania,LTU,2013,958.9271851
Lithuania,LTU,2014,1021.232971
Lithuania,LTU,2015,920.1997681
Lithuania,LTU,2016,988.5279541
Lithuania,LTU,2017,1083.303345
Lithuania,LTU,2018,1249.254639
Luxembourg,LUX,2008,7578.749512
Luxembourg,LUX,2009,7670.59375
Luxembourg,LUX,2010,7459.835449
Luxembourg,LUX,2011,7174.739258
Luxembourg,LUX,2012,6029.475098
Luxembourg,LUX,2013,6356.644531
Luxembourg,LUX,2014,6547.034668
Luxembourg,LUX,2015,5421.932129
Luxembourg,LUX,2016,5475.139648
Luxembourg,LUX,2017,5713.118652
Luxembourg,LUX,2018,6227.083984
"Macao SAR, China",MAC,2008,0
"Macao SAR, China",MAC,2009,0
"Macao SAR, China",MAC,2010,0
"Macao SAR, China",MAC,2011,0
"Macao SAR, China",MAC,2012,0
"Macao SAR, China",MAC,2013,0
"Macao SAR, China",MAC,2014,0
"Macao SAR, China",MAC,2015,0
"Macao SAR, China",MAC,2016,0
"Macao SAR, China",MAC,2017,0
"Macao SAR, China",MAC,2018,0
Madagascar,MDG,2008,22.19978905
Madagascar,MDG,2009,20.83815002
Madagascar,MDG,2010,21.95882225
Madagascar,MDG,2011,23.59220695
Madagascar,MDG,2012,19.57540894
Madagascar,MDG,2013,19.53066635
Madagascar,MDG,2014,22.99704552
Madagascar,MDG,2015,22.90582275
Madagascar,MDG,2016,24.48439217
Madagascar,MDG,2017,24.68006706
Madagascar,MDG,2018,22.0497551
Malawi,MWI,2008,33.32744598
Malawi,MWI,2009,36.23827744
Malawi,MWI,2010,34.66256714
Malawi,MWI,2011,40.08781815
Malawi,MWI,2012,33.20030212
Malawi,MWI,2013,40.3452301
Malawi,MWI,2014,36.05779648
Malawi,MWI,2015,35.68380356
Malawi,MWI,2016,30.94216537
Malawi,MWI,2017,33.99734879
Malawi,MWI,2018,35.49821854
Malaysia,MYS,2008,268.3900452
Malaysia,MYS,2009,250.2592316
Malaysia,MYS,2010,292.0030212
Malaysia,MYS,2011,352.2692261
Malaysia,MYS,2012,382.6615295
Malaysia,MYS,2013,391.8995667
Malaysia,MYS,2014,427.6607056
Malaysia,MYS,2015,379.9004822
Malaysia,MYS,2016,362.1148682
Malaysia,MYS,2017,380.68573
Malaysia,MYS,2018,427.217041
Maldives,MDV,2008,758.7109985
Maldives,MDV,2009,669.8102417
Maldives,MDV,2010,600.6443481
Maldives,MDV,2011,577.6629639
Maldives,MDV,2012,630.1425171
Maldives,MDV,2013,645.0605469
Maldives,MDV,2014,672.1196289
Maldives,MDV,2015,785.0316162
Maldives,MDV,2016,946.8111572
Maldives,MDV,2017,885.0842896
Maldives,MDV,2018,973.5369263
Mali,MLI,2008,35.02916718
Mali,MLI,2009,36.54620361
Mali,MLI,2010,33.20299911
Mali,MLI,2011,33.59200668
Mali,MLI,2012,29.21658516
Mali,MLI,2013,31.9307003
Mali,MLI,2014,37.96685791
Mali,MLI,2015,30.8840313
Mali,MLI,2016,29.44280052
Mali,MLI,2017,34.00102997
Mali,MLI,2018,34.95166016
Malta,MLT,2008,1751.165039
Malta,MLT,2009,1677.362305
Malta,MLT,2010,1733.668823
Malta,MLT,2011,1960.061157
Malta,MLT,2012,1898.60144
Malta,MLT,2013,2121.082275
Malta,MLT,2014,2456.434814
Malta,MLT,2015,2243.467041
Malta,MLT,2016,2321.15332
Malta,MLT,2017,2551.716064
Malta,MLT,2018,2753.510986
Marshall Islands,MHL,2008,461.6322327
Marshall Islands,MHL,2009,437.6483154
Marshall Islands,MHL,2010,449.4134827
Marshall Islands,MHL,2011,453.5579834
Marshall Islands,MHL,2012,471.8939209
Marshall Islands,MHL,2013,492.9692993
Marshall Islands,MHL,2014,476.2593079
Marshall Islands,MHL,2015,546.9879761
Marshall Islands,MHL,2016,605.2815552
Marshall Islands,MHL,2017,587.5531616
Marshall Islands,MHL,2018,643.065918
Mauritania,MRT,2008,47.60751343
Mauritania,MRT,2009,43.22557068
Mauritania,MRT,2010,42.47654724
Mauritania,MRT,2011,46.50239563
Mauritania,MRT,2012,48.08863068
Mauritania,MRT,2013,54.26546097
Mauritania,MRT,2014,58.04791641
Mauritania,MRT,2015,55.98908615
Mauritania,MRT,2016,47.35323715
Mauritania,MRT,2017,51.61418533
Mauritania,MRT,2018,54.48972321
Mauritius,MUS,2008,321.8163147
Mauritius,MUS,2009,310.1556091
Mauritius,MUS,2010,367.1207886
Mauritius,MUS,2011,396.6121521
Mauritius,MUS,2012,398.1218872
Mauritius,MUS,2013,452.455658
Mauritius,MUS,2014,559.4445801
Mauritius,MUS,2015,529.161377
Mauritius,MUS,2016,553.2136231
Mauritius,MUS,2017,599.4442139
Mauritius,MUS,2018,653.347229
Mexico,MEX,2008,570.8305054
Mexico,MEX,2009,490.5658569
Mexico,MEX,2010,553.9777832
Mexico,MEX,2011,581.7102661
Mexico,MEX,2012,598.3488159
Mexico,MEX,2013,637.159668
Mexico,MEX,2014,614.9742432
Mexico,MEX,2015,556.8665772
Mexico,MEX,2016,490.7993774
Mexico,MEX,2017,512.0656738
Mexico,MEX,2018,519.6054688
"Micronesia, Fed. Sts.",FSM,2008,304.5819397
"Micronesia, Fed. Sts.",FSM,2009,341.3183594
"Micronesia, Fed. Sts.",FSM,2010,378.2447815
"Micronesia, Fed. Sts.",FSM,2011,393.6810303
"Micronesia, Fed. Sts.",FSM,2012,384.1512146
"Micronesia, Fed. Sts.",FSM,2013,363.263031
"Micronesia, Fed. Sts.",FSM,2014,348.3200989
"Micronesia, Fed. Sts.",FSM,2015,361.4720764
"Micronesia, Fed. Sts.",FSM,2016,395.7920837
"Micronesia, Fed. Sts.",FSM,2017,401.2002564
"Micronesia, Fed. Sts.",FSM,2018,415.816803
Moldova,MDA,2008,185.5611572
Moldova,MDA,2009,208.5300446
Moldova,MDA,2010,198.2889404
Moldova,MDA,2011,214.9824677
Moldova,MDA,2012,223.6189575
Moldova,MDA,2013,231.6622925
Moldova,MDA,2014,230.7698212
Moldova,MDA,2015,186.4364319
Moldova,MDA,2016,171.1847687
Moldova,MDA,2017,191.19487
Moldova,MDA,2018,212.9703827
Monaco,MCO,2008,3573.521484
Monaco,MCO,2009,3523.19043
Monaco,MCO,2010,3509.358887
Monaco,MCO,2011,3677.420166
Monaco,MCO,2012,3519.940674
Monaco,MCO,2013,3817.898682
Monaco,MCO,2014,3947.423584
Monaco,MCO,2015,3365.927246
Monaco,MCO,2016,2765.084473
Monaco,MCO,2017,2751.731445
Monaco,MCO,2018,2968.500488
Mongolia,MNG,2008,97.36168671
Mongolia,MNG,2009,76.45706177
Mongolia,MNG,2010,98.84479523
Mongolia,MNG,2011,134.7506256
Mongolia,MNG,2012,167.7624207
Mongolia,MNG,2013,177.582489
Mongolia,MNG,2014,174.2423554
Mongolia,MNG,2015,166.0827789
Mongolia,MNG,2016,161.9085999
Mongolia,MNG,2017,146.9620819
Mongolia,MNG,2018,155.0936737
Montenegro,MNE,2008,0
Montenegro,MNE,2009,0
Montenegro,MNE,2010,0
Montenegro,MNE,2011,0
Montenegro,MNE,2012,0
Montenegro,MNE,2013,0
Montenegro,MNE,2014,0
Montenegro,MNE,2015,0
Montenegro,MNE,2016,0
Montenegro,MNE,2017,0
Montenegro,MNE,2018,731.4816895
Morocco,MAR,2008,155.5387726
Morocco,MAR,2009,169.9503632
Morocco,MAR,2010,169.009491
Morocco,MAR,2011,177.2804108
Morocco,MAR,2012,169.9576721
Morocco,MAR,2013,180.2019806
Morocco,MAR,2014,170.7411346
Morocco,MAR,2015,148.0387421
Morocco,MAR,2016,154.1124115
Morocco,MAR,2017,161.4505158
Morocco,MAR,2018,174.7818451
Mozambique,MOZ,2008,24.3008213
Mozambique,MOZ,2009,26.94626808
Mozambique,MOZ,2010,25.1751461
Mozambique,MOZ,2011,29.33419418
Mozambique,MOZ,2012,34.50271606
Mozambique,MOZ,2013,40.73832703
Mozambique,MOZ,2014,42.45389938
Mozambique,MOZ,2015,39.61871719
Mozambique,MOZ,2016,30.72076035
Mozambique,MOZ,2017,35.9498558
Mozambique,MOZ,2018,40.26391602
Myanmar,MMR,2008,14.25486851
Myanmar,MMR,2009,18.11137199
Myanmar,MMR,2010,19.6023674
Myanmar,MMR,2011,26.56099129
Myanmar,MMR,2012,36.11348343
Myanmar,MMR,2013,36.53030014
Myanmar,MMR,2014,52.62075806
Myanmar,MMR,2015,61.70107269
Myanmar,MMR,2016,57.93581772
Myanmar,MMR,2017,57.859272
Myanmar,MMR,2018,59.20605469
Namibia,NAM,2008,412.7146301
Namibia,NAM,2009,383.662262
Namibia,NAM,2010,517.2376099
Namibia,NAM,2011,562.5910645
Namibia,NAM,2012,550.4981079
Namibia,NAM,2013,488.8635254
Namibia,NAM,2014,459.9441834
Namibia,NAM,2015,488.6906128
Namibia,NAM,2016,423.8744507
Namibia,NAM,2017,468.0405579
Namibia,NAM,2018,471.4856873
Nauru,NRU,2008,819.0628662
Nauru,NRU,2009,566.4799805
Nauru,NRU,2010,651.531311
Nauru,NRU,2011,697.8994141
Nauru,NRU,2012,886.1394043
Nauru,NRU,2013,838.4356079
Nauru,NRU,2014,1007.96936
Nauru,NRU,2015,1143.246582
Nauru,NRU,2016,1369.539673
Nauru,NRU,2017,1217.511108
Nauru,NRU,2018,965.8007202
Nepal,NPL,2008,19.09256172
Nepal,NPL,2009,21.09090996
Nepal,NPL,2010,29.98280716
Nepal,NPL,2011,34.68226624
Nepal,NPL,2012,34.3300705
Nepal,NPL,2013,36.02222443
Nepal,NPL,2014,43.16950226
Nepal,NPL,2015,47.8875351
Nepal,NPL,2016,48.31941986
Nepal,NPL,2017,50.8261261
Nepal,NPL,2018,57.84656143
Netherlands,NLD,2008,5382.445801
Netherlands,NLD,2009,5282.743164
Netherlands,NLD,2010,5191.693848
Netherlands,NLD,2011,5562.121094
Netherlands,NLD,2012,5284.649902
Netherlands,NLD,2013,5532.726563
Netherlands,NLD,2014,5601.885742
Netherlands,NLD,2015,4676.57666
Netherlands,NLD,2016,4734.833496
Netherlands,NLD,2017,4910.899414
Netherlands,NLD,2018,5306.534668
New Caledonia,NCL,2008,0
New Caledonia,NCL,2009,0
New Caledonia,NCL,2010,0
New Caledonia,NCL,2011,0
New Caledonia,NCL,2012,0
New Caledonia,NCL,2013,0
New Caledonia,NCL,2014,0
New Caledonia,NCL,2015,0
New Caledonia,NCL,2016,0
New Caledonia,NCL,2017,0
New Caledonia,NCL,2018,0
New Zealand,NZL,2008,2839.178955
New Zealand,NZL,2009,2700.977051
New Zealand,NZL,2010,3216.223633
New Zealand,NZL,2011,3625.772461
New Zealand,NZL,2012,3805.97168
New Zealand,NZL,2013,3954.666992
New Zealand,NZL,2014,4143.788086
New Zealand,NZL,2015,3582.272949
New Zealand,NZL,2016,3746.476807
New Zealand,NZL,2017,3940.390381
New Zealand,NZL,2018,4037.462891
Nicaragua,NIC,2008,107.4519959
Nicaragua,NIC,2009,111.0123215
Nicaragua,NIC,2010,115.9510269
Nicaragua,NIC,2011,123.3549881
Nicaragua,NIC,2012,131.8300629
Nicaragua,NIC,2013,138.3856812
Nicaragua,NIC,2014,154.2833862
Nicaragua,NIC,2015,163.2299347
Nicaragua,NIC,2016,169.6340332
Nicaragua,NIC,2017,180.3273468
Nicaragua,NIC,2018,173.7661133
Niger,NER,2008,26.18297386
Niger,NER,2009,27.05620766
Niger,NER,2010,23.85829926
Niger,NER,2011,24.89789391
Niger,NER,2012,22.76922607
Niger,NER,2013,24.62716293
Niger,NER,2014,25.02994919
Niger,NER,2015,25.87792969
Niger,NER,2016,22.55697441
Niger,NER,2017,28.80011749
Niger,NER,2018,30.35857964
Nigeria,NGA,2008,81.24026489
Nigeria,NGA,2009,68.99747467
Nigeria,NGA,2010,76.75720978
Nigeria,NGA,2011,84.46413422
Nigeria,NGA,2012,92.61115265
Nigeria,NGA,2013,102.5548401
Nigeria,NGA,2014,107.9087524
Nigeria,NGA,2015,97.80262756
Nigeria,NGA,2016,79.37476349
Nigeria,NGA,2017,73.93003845
Nigeria,NGA,2018,83.75351715
North America,NAC,2008,7119.878114
North America,NAC,2009,7352.86105
North America,NAC,2010,7644.718372
North America,NAC,2011,7855.256401
North America,NAC,2012,8106.494422
North America,NAC,2013,8280.777949
North America,NAC,2014,8639.543671
North America,NAC,2015,9002.600503
North America,NAC,2016,9348.178146
North America,NAC,2017,9667.433833
North America,NAC,2018,10050.38179
North Macedonia,MKD,2008,314.1453247
North Macedonia,MKD,2009,296.6654053
North Macedonia,MKD,2010,305.2322998
North Macedonia,MKD,2011,329.9504395
North Macedonia,MKD,2012,310.7749939
North Macedonia,MKD,2013,350.2098999
North Macedonia,MKD,2014,343.8786621
North Macedonia,MKD,2015,306.9151001
North Macedonia,MKD,2016,327.4913635
North Macedonia,MKD,2017,358.3068848
North Macedonia,MKD,2018,399.0970764
Northern Mariana Islands,MNP,2008,0
Northern Mariana Islands,MNP,2009,0
Northern Mariana Islands,MNP,2010,0
Northern Mariana Islands,MNP,2011,0
Northern Mariana Islands,MNP,2012,0
Northern Mariana Islands,MNP,2013,0
Northern Mariana Islands,MNP,2014,0
Northern Mariana Islands,MNP,2015,0
Northern Mariana Islands,MNP,2016,0
Northern Mariana Islands,MNP,2017,0
Northern Mariana Islands,MNP,2018,0
Norway,NOR,2008,7768.050293
Norway,NOR,2009,7301.959961
Norway,NOR,2010,7859.516113
Norway,NOR,2011,8900.37207
Norway,NOR,2012,8970.120117
Norway,NOR,2013,9241.265625
Norway,NOR,2014,9118.317383
Norway,NOR,2015,7565.549805
Norway,NOR,2016,7496.768555
Norway,NOR,2017,7815.786621
Norway,NOR,2018,8239.095703
Oman,OMN,2008,445.4979248
Oman,OMN,2009,476.1199036
Oman,OMN,2010,529.0809326
Oman,OMN,2011,533.0320435
Oman,OMN,2012,559.0185547
Oman,OMN,2013,584.1394043
Oman,OMN,2014,710.041626
Oman,OMN,2015,695.1911621
Oman,OMN,2016,637.1912842
Oman,OMN,2017,601.2178345
Oman,OMN,2018,678.2310181
Pakistan,PAK,2008,25.72966003
Pakistan,PAK,2009,24.05052757
Pakistan,PAK,2010,25.25600243
Pakistan,PAK,2011,27.06708717
Pakistan,PAK,2012,27.04106331
Pakistan,PAK,2013,29.97559357
Pakistan,PAK,2014,34.69661713
Pakistan,PAK,2015,35.98087311
Pakistan,PAK,2016,38.91104126
Pakistan,PAK,2017,42.25715637
Pakistan,PAK,2018,42.87313461
Palau,PLW,2008,1000.245483
Palau,PLW,2009,1037.087769
Palau,PLW,2010,1183.166748
Palau,PLW,2011,1176.575806
Palau,PLW,2012,1392.048584
Palau,PLW,2013,1535.45105
Palau,PLW,2014,1678.012085
Palau,PLW,2015,1805.98584
Palau,PLW,2016,2031.472778
Palau,PLW,2017,1947.853271
Palau,PLW,2018,1723.455322
Panama,PAN,2008,489.8159485
Panama,PAN,2009,530.0705566
Panama,PAN,2010,572.6137085
Panama,PAN,2011,616.9995117
Panama,PAN,2012,703.8284302
Panama,PAN,2013,790.7766724
Panama,PAN,2014,885.6642456
Panama,PAN,2015,928.0967407
Panama,PAN,2016,1050.243652
Panama,PAN,2017,1046.336792
Panama,PAN,2018,1131.660156
Papua New Guinea,PNG,2008,35.72151947
Papua New Guinea,PNG,2009,37.88201141
Papua New Guinea,PNG,2010,41.08378601
Papua New Guinea,PNG,2011,55.21439743
Papua New Guinea,PNG,2012,74.42443085
Papua New Guinea,PNG,2013,81.8216095
Papua New Guinea,PNG,2014,95.54537964
Papua New Guinea,PNG,2015,48.73184967
Papua New Guinea,PNG,2016,58.48953247
Papua New Guinea,PNG,2017,60.09675598
Papua New Guinea,PNG,2018,63.7678833
Paraguay,PRY,2008,168.1820374
Paraguay,PRY,2009,161.8488922
Paraguay,PRY,2010,200.6642914
Paraguay,PRY,2011,268.8555603
Paraguay,PRY,2012,339.382843
Paraguay,PRY,2013,361.2968445
Paraguay,PRY,2014,405.6223145
Paraguay,PRY,2015,364.7891541
Paraguay,PRY,2016,357.7476196
Paraguay,PRY,2017,378.018219
Paraguay,PRY,2018,400.3927307
Peru,PER,2008,189.5574036
Peru,PER,2009,208.8805542
Peru,PER,2010,242.1920013
Peru,PER,2011,269.9985046
Peru,PER,2012,310.9136963
Peru,PER,2013,319.2024231
Peru,PER,2014,335.77771
Peru,PER,2015,315.9545593
Peru,PER,2016,318.4595032
Peru,PER,2017,340.1985474
Peru,PER,2018,369.0784607
Philippines,PHL,2008,77.18696594
Philippines,PHL,2009,79.30064392
Philippines,PHL,2010,91.60559845
Philippines,PHL,2011,98.64657593
Philippines,PHL,2012,112.5436096
Philippines,PHL,2013,122.7274628
Philippines,PHL,2014,116.8602371
Philippines,PHL,2015,123.9001007
Philippines,PHL,2016,129.6149292
Philippines,PHL,2017,132.5789642
Philippines,PHL,2018,136.5388184
Poland,POL,2008,892.5968628
Poland,POL,2009,759.6057739
Poland,POL,2010,809.1994019
Poland,POL,2011,866.0946655
Poland,POL,2012,815.1418457
Poland,POL,2013,878.088501
Poland,POL,2014,911.2981567
Poland,POL,2015,803.9596558
Poland,POL,2016,813.4727783
Poland,POL,2017,909.578186
Poland,POL,2018,978.7356567
Portugal,PRT,2008,2331.429932
Portugal,PRT,2009,2288.643555
Portugal,PRT,2010,2215.257324
Portugal,PRT,2011,2210.587402
Portugal,PRT,2012,1918.490723
Portugal,PRT,2013,1959.981567
Portugal,PRT,2014,1989.542114
Portugal,PRT,2015,1725.2229
Portugal,PRT,2016,1880.15686
Portugal,PRT,2017,2003.263306
Portugal,PRT,2018,2215.173584
Puerto Rico,PRI,2008,0
Puerto Rico,PRI,2009,0
Puerto Rico,PRI,2010,0
Puerto Rico,PRI,2011,0
Puerto Rico,PRI,2012,0
Puerto Rico,PRI,2013,0
Puerto Rico,PRI,2014,0
Puerto Rico,PRI,2015,0
Puerto Rico,PRI,2016,0
Puerto Rico,PRI,2017,0
Puerto Rico,PRI,2018,0
Qatar,QAT,2008,1283.849243
Qatar,QAT,2009,1270.248535
Qatar,QAT,2010,1206.003052
Qatar,QAT,2011,1318.521973
Qatar,QAT,2012,1487.32019
Qatar,QAT,2013,1765.828369
Qatar,QAT,2014,2041.589478
Qatar,QAT,2015,1999.582764
Qatar,QAT,2016,1822.369995
Qatar,QAT,2017,1667.372559
Qatar,QAT,2018,1716.265137
Romania,ROU,2008,521.3156128
Romania,ROU,2009,449.3769226
Romania,ROU,2010,472.2075195
Romania,ROU,2011,426.5997315
Romania,ROU,2012,401.671051
Romania,ROU,2013,495.2362366
Romania,ROU,2014,503.3475342
Romania,ROU,2015,442.240387
Romania,ROU,2016,476.2450562
Romania,ROU,2017,555.1130981
Romania,ROU,2018,687.2543945
Russian Federation,RUS,2008,609.1602173
Russian Federation,RUS,2009,515.8544922
Russian Federation,RUS,2010,566.0908814
Russian Federation,RUS,2011,682.6605835
Russian Federation,RUS,2012,757.0445557
Russian Federation,RUS,2013,807.0765381
Russian Federation,RUS,2014,737.649231
Russian Federation,RUS,2015,498.0559692
Russian Federation,RUS,2016,464.8977661
Russian Federation,RUS,2017,579.6721802
Russian Federation,RUS,2018,609.0091553
Rwanda,RWA,2008,41.09491348
Rwanda,RWA,2009,45.26377106
Rwanda,RWA,2010,49.29988861
Rwanda,RWA,2011,53.06285095
Rwanda,RWA,2012,58.85438538
Rwanda,RWA,2013,49.14559174
Rwanda,RWA,2014,51.86009598
Rwanda,RWA,2015,49.96376419
Rwanda,RWA,2016,51.88179779
Rwanda,RWA,2017,52.86735153
Rwanda,RWA,2018,58.30852127
Samoa,WSM,2008,163.0090332
Samoa,WSM,2009,179.211441
Samoa,WSM,2010,192.7742767
Samoa,WSM,2011,220.3911896
Samoa,WSM,2012,205.153244
Samoa,WSM,2013,257.5019836
Samoa,WSM,2014,259.2744141
Samoa,WSM,2015,223.1809692
Samoa,WSM,2016,227.0677948
Samoa,WSM,2017,235.407074
Samoa,WSM,2018,227.3279266
San Marino,SMR,2008,4301.019531
San Marino,SMR,2009,4209.331543
San Marino,SMR,2010,3991.243896
San Marino,SMR,2011,4248.477051
San Marino,SMR,2012,3984.977539
San Marino,SMR,2013,3993.264404
San Marino,SMR,2014,3835.263428
San Marino,SMR,2015,3102.817383
San Marino,SMR,2016,2958.554932
San Marino,SMR,2017,3287.473877
San Marino,SMR,2018,3463.700684
Sao Tome and Principe,STP,2008,78.14442444
Sao Tome and Principe,STP,2009,76.83090973
Sao Tome and Principe,STP,2010,74.93682098
Sao Tome and Principe,STP,2011,85.38578796
Sao Tome and Principe,STP,2012,86.81771088
Sao Tome and Principe,STP,2013,125.176033
Sao Tome and Principe,STP,2014,120.006073
Sao Tome and Principe,STP,2015,85.22420502
Sao Tome and Principe,STP,2016,109.9806061
Sao Tome and Principe,STP,2017,117.0106812
Sao Tome and Principe,STP,2018,125.4003983
Saudi Arabia,SAU,2008,596.5264893
Saudi Arabia,SAU,2009,691.3226929
Saudi Arabia,SAU,2010,702.6710815
Saudi Arabia,SAU,2011,881.395752
Saudi Arabia,SAU,2012,1014.699646
Saudi Arabia,SAU,2013,1109.505737
Saudi Arabia,SAU,2014,1278.976563
Saudi Arabia,SAU,2015,1237.333496
Saudi Arabia,SAU,2016,1160.049927
Saudi Arabia,SAU,2017,1456.939575
Saudi Arabia,SAU,2018,1484.593384
Senegal,SEN,2008,49.03627014
Senegal,SEN,2009,50.08225632
Senegal,SEN,2010,51.16491318
Senegal,SEN,2011,57.52281189
Senegal,SEN,2012,56.23128891
Senegal,SEN,2013,60.18459702
Senegal,SEN,2014,61.3162117
Senegal,SEN,2015,53.41298294
Senegal,SEN,2016,54.07107544
Senegal,SEN,2017,55.10048676
Senegal,SEN,2018,58.90360641
Serbia,SRB,2008,671.9564819
Serbia,SRB,2009,575.4691162
Serbia,SRB,2010,545.2910767
Serbia,SRB,2011,619.0800171
Serbia,SRB,2012,559.8135986
Serbia,SRB,2013,627.53302
Serbia,SRB,2014,608.8585815
Serbia,SRB,2015,491.25177
Serbia,SRB,2016,486.4294434
Serbia,SRB,2017,515.8458862
Serbia,SRB,2018,617.0865479
Seychelles,SYC,2008,426.6879883
Seychelles,SYC,2009,362.4761963
Seychelles,SYC,2010,513.0844116
Seychelles,SYC,2011,531.9240723
Seychelles,SYC,2012,655.6914673
Seychelles,SYC,2013,641.0679321
Seychelles,SYC,2014,675.3034058
Seychelles,SYC,2015,665.4511108
Seychelles,SYC,2016,772.4489136
Seychelles,SYC,2017,777.8544922
Seychelles,SYC,2018,833.0789795
Sierra Leone,SLE,2008,40.335495
Sierra Leone,SLE,2009,43.41863632
Sierra Leone,SLE,2010,43.97430801
Sierra Leone,SLE,2011,59.54336929
Sierra Leone,SLE,2012,59.9777298
Sierra Leone,SLE,2013,82.92147827
Sierra Leone,SLE,2014,140.9924316
Sierra Leone,SLE,2015,120.9123993
Sierra Leone,SLE,2016,87.10140228
Sierra Leone,SLE,2017,82.54949188
Sierra Leone,SLE,2018,85.77548218
Singapore,SGP,2008,1295.249878
Singapore,SGP,2009,1328.52478
Singapore,SGP,2010,1496.776001
Singapore,SGP,2011,1676.001831
Singapore,SGP,2012,1828.897583
Singapore,SGP,2013,2078.594482
Singapore,SGP,2014,2206.107422
Singapore,SGP,2015,2302.599609
Singapore,SGP,2016,2476.174561
Singapore,SGP,2017,2619.080811
Singapore,SGP,2018,2823.638184
Sint Maarten (Dutch part),SXM,2008,0
Sint Maarten (Dutch part),SXM,2009,0
Sint Maarten (Dutch part),SXM,2010,0
Sint Maarten (Dutch part),SXM,2011,0
Sint Maarten (Dutch part),SXM,2012,0
Sint Maarten (Dutch part),SXM,2013,0
Sint Maarten (Dutch part),SXM,2014,0
Sint Maarten (Dutch part),SXM,2015,0
Sint Maarten (Dutch part),SXM,2016,0
Sint Maarten (Dutch part),SXM,2017,0
Sint Maarten (Dutch part),SXM,2018,0
Slovak Republic,SVK,2008,1251.677246
Slovak Republic,SVK,2009,1320.093018
Slovak Republic,SVK,2010,1296.542847
Slovak Republic,SVK,2011,1352.438354
Slovak Republic,SVK,2012,1319.438354
Slovak Republic,SVK,2013,1370.467651
Slovak Republic,SVK,2014,1289.348389
Slovak Republic,SVK,2015,1108.878174
Slovak Republic,SVK,2016,1175.597046
Slovak Republic,SVK,2017,1189.072266
Slovak Republic,SVK,2018,1299.911377
Slovenia,SVN,2008,2179.452393
Slovenia,SVN,2009,2125.056885
Slovenia,SVN,2010,2017.146606
Slovenia,SVN,2011,2147.805176
Slovenia,SVN,2012,1974.854004
Slovenia,SVN,2013,2055.381348
Slovenia,SVN,2014,2062.384766
Slovenia,SVN,2015,1775.86084
Slovenia,SVN,2016,1835.407349
Slovenia,SVN,2017,1925.03479
Slovenia,SVN,2018,2169.579102
Small states,SST,2008,497.2792778
Small states,SST,2009,476.4751289
Small states,SST,2010,492.7112012
Small states,SST,2011,529.9843204
Small states,SST,2012,538.6148934
Small states,SST,2013,576.7649899
Small states,SST,2014,609.7712005
Small states,SST,2015,587.3439725
Small states,SST,2016,584.4693477
Small states,SST,2017,613.4232224
Small states,SST,2018,641.497493
Solomon Islands,SLB,2008,78.39006805
Solomon Islands,SLB,2009,99.86914825
Solomon Islands,SLB,2010,133.3499298
Solomon Islands,SLB,2011,115.5050507
Solomon Islands,SLB,2012,106.2495117
Solomon Islands,SLB,2013,106.3621903
Solomon Islands,SLB,2014,114.3596573
Solomon Islands,SLB,2015,99.42734528
Solomon Islands,SLB,2016,99.27577209
Solomon Islands,SLB,2017,97.43276978
Solomon Islands,SLB,2018,94.96378326
Somalia,SOM,2008,0
Somalia,SOM,2009,0
Somalia,SOM,2010,0
Somalia,SOM,2011,0
Somalia,SOM,2012,0
Somalia,SOM,2013,0
Somalia,SOM,2014,0
Somalia,SOM,2015,0
Somalia,SOM,2016,0
Somalia,SOM,2017,0
Somalia,SOM,2018,0
South Africa,ZAF,2008,377.0874329
South Africa,ZAF,2009,417.1151123
South Africa,ZAF,2010,543.4412842
South Africa,ZAF,2011,600.3432617
South Africa,ZAF,2012,581.5652466
South Africa,ZAF,2013,527.2868042
South Africa,ZAF,2014,509.7901001
South Africa,ZAF,2015,469.9882507
South Africa,ZAF,2016,426.8319702
South Africa,ZAF,2017,497.0470581
South Africa,ZAF,2018,525.9569092
South Sudan,SSD,2008,0
South Sudan,SSD,2009,0
South Sudan,SSD,2010,0
South Sudan,SSD,2011,0
South Sudan,SSD,2012,0
South Sudan,SSD,2013,0
South Sudan,SSD,2014,0
South Sudan,SSD,2015,0
South Sudan,SSD,2016,0
South Sudan,SSD,2017,26.38130379
South Sudan,SSD,2018,26.78586388
Spain,ESP,2008,2995.049805
Spain,ESP,2009,2937.534424
Spain,ESP,2010,2789.533936
Spain,ESP,2011,2909.117676
Spain,ESP,2012,2591.016113
Spain,ESP,2013,2629.605469
Spain,ESP,2014,2679.848145
Spain,ESP,2015,2349.233887
Spain,ESP,2016,2376.721191
Spain,ESP,2017,2522.644287
Spain,ESP,2018,2736.323242
Sri Lanka,LKA,2008,92.90744781
Sri Lanka,LKA,2009,100.3218689
Sri Lanka,LKA,2010,108.2751846
Sri Lanka,LKA,2011,118.9739685
Sri Lanka,LKA,2012,113.4489822
Sri Lanka,LKA,2013,137.6435242
Sri Lanka,LKA,2014,137.6710053
Sri Lanka,LKA,2015,149.9631805
Sri Lanka,LKA,2016,151.4750214
Sri Lanka,LKA,2017,158.7149353
Sri Lanka,LKA,2018,157.4658508
St. Kitts and Nevis,KNA,2008,856.4127197
St. Kitts and Nevis,KNA,2009,842.4627075
St. Kitts and Nevis,KNA,2010,828.4822388
St. Kitts and Nevis,KNA,2011,872.8114624
St. Kitts and Nevis,KNA,2012,829.8215942
St. Kitts and Nevis,KNA,2013,877.5029907
St. Kitts and Nevis,KNA,2014,804.4545898
St. Kitts and Nevis,KNA,2015,884.8460693
St. Kitts and Nevis,KNA,2016,1006.637146
St. Kitts and Nevis,KNA,2017,1030.478882
St. Kitts and Nevis,KNA,2018,992.5917969
St. Lucia,LCA,2008,427.1851502
St. Lucia,LCA,2009,426.1854553
St. Lucia,LCA,2010,430.2377625
St. Lucia,LCA,2011,461.7883301
St. Lucia,LCA,2012,454.574707
St. Lucia,LCA,2013,482.4346314
St. Lucia,LCA,2014,423.3309631
St. Lucia,LCA,2015,426.8598938
St. Lucia,LCA,2016,471.2796021
St. Lucia,LCA,2017,473.3192444
St. Lucia,LCA,2018,464.709137
St. Martin (French part),MAF,2008,0
St. Martin (French part),MAF,2009,0
St. Martin (French part),MAF,2010,0
St. Martin (French part),MAF,2011,0
St. Martin (French part),MAF,2012,0
St. Martin (French part),MAF,2013,0
St. Martin (French part),MAF,2014,0
St. Martin (French part),MAF,2015,0
St. Martin (French part),MAF,2016,0
St. Martin (French part),MAF,2017,0
St. Martin (French part),MAF,2018,0
St. Vincent and the Grenadines,VCT,2008,262.3676758
St. Vincent and the Grenadines,VCT,2009,270.0433044
St. Vincent and the Grenadines,VCT,2010,286.35495
St. Vincent and the Grenadines,VCT,2011,278.7896423
St. Vincent and the Grenadines,VCT,2012,299.6088257
St. Vincent and the Grenadines,VCT,2013,303.3605957
St. Vincent and the Grenadines,VCT,2014,291.0646973
St. Vincent and the Grenadines,VCT,2015,282.7134399
St. Vincent and the Grenadines,VCT,2016,294.1644287
St. Vincent and the Grenadines,VCT,2017,310.6420288
St. Vincent and the Grenadines,VCT,2018,329.2566528
Sudan,SDN,2008,92.22037506
Sudan,SDN,2009,95.33586884
Sudan,SDN,2010,93.45315552
Sudan,SDN,2011,134.8076477
Sudan,SDN,2012,102.5439377
Sudan,SDN,2013,127.1628647
Sudan,SDN,2014,116.9351425
Sudan,SDN,2015,158.8953095
Sudan,SDN,2016,165.8524628
Sudan,SDN,2017,192.6066589
Sudan,SDN,2018,60.17465973
Suriname,SUR,2008,347.2540894
Suriname,SUR,2009,394.9021912
Suriname,SUR,2010,415.2991028
Suriname,SUR,2011,390.1407776
Suriname,SUR,2012,422.1010742
Suriname,SUR,2013,451.7543335
Suriname,SUR,2014,458.5661011
Suriname,SUR,2015,532.4972534
Suriname,SUR,2016,351.9419251
Suriname,SUR,2017,335.10849
Suriname,SUR,2018,474.1265564
Sweden,SWE,2008,4626.638672
Sweden,SWE,2009,4137.5
Sweden,SWE,2010,4420.259766
Sweden,SWE,2011,6354.291992
Sweden,SWE,2012,6254.64502
Sweden,SWE,2013,6696.117188
Sweden,SWE,2014,6605.987305
Sweden,SWE,2015,5595.033203
Sweden,SWE,2016,5674.477539
Sweden,SWE,2017,5838.215332
Sweden,SWE,2018,5981.706055
Switzerland,CHE,2008,7120.651855
Switzerland,CHE,2009,7297.379883
Switzerland,CHE,2010,7705.175781
Switzerland,CHE,2011,9191.958984
Switzerland,CHE,2012,8917.119141
Switzerland,CHE,2013,9275.798828
Switzerland,CHE,2014,9578.645508
Switzerland,CHE,2015,9382.791016
Switzerland,CHE,2016,9439.424805
Switzerland,CHE,2017,9606.349609
Switzerland,CHE,2018,9870.664063
Syrian Arab Republic,SYR,2008,86.41690063
Syrian Arab Republic,SYR,2009,90.49646759
Syrian Arab Republic,SYR,2010,92.73750305
Syrian Arab Republic,SYR,2011,80.71446228
Syrian Arab Republic,SYR,2012,69.83010864
Syrian Arab Republic,SYR,2013,0
Syrian Arab Republic,SYR,2014,0
Syrian Arab Republic,SYR,2015,0
Syrian Arab Republic,SYR,2016,0
Syrian Arab Republic,SYR,2017,0
Syrian Arab Republic,SYR,2018,0
Tajikistan,TJK,2008,42.08819199
Tajikistan,TJK,2009,39.5818634
Tajikistan,TJK,2010,42.9864502
Tajikistan,TJK,2011,49.65073395
Tajikistan,TJK,2012,57.97858429
Tajikistan,TJK,2013,68.94046021
Tajikistan,TJK,2014,74.59780884
Tajikistan,TJK,2015,64.16710663
Tajikistan,TJK,2016,56.20223236
Tajikistan,TJK,2017,58.16766357
Tajikistan,TJK,2018,59.84311676
Tanzania,TZA,2008,36.88764572
Tanzania,TZA,2009,34.07072067
Tanzania,TZA,2010,37.53247833
Tanzania,TZA,2011,38.04220581
Tanzania,TZA,2012,42.28381729
Tanzania,TZA,2013,43.77843857
Tanzania,TZA,2014,40.15260315
Tanzania,TZA,2015,33.58756638
Tanzania,TZA,2016,37.18800735
Tanzania,TZA,2017,35.4696846
Tanzania,TZA,2018,36.82281494
Thailand,THA,2008,151.5072632
Thailand,THA,2009,152.4855652
Thailand,THA,2010,172.0929718
Thailand,THA,2011,195.9727325
Thailand,THA,2012,206.4648285
Thailand,THA,2013,212.9985504
Thailand,THA,2014,219.2957306
Thailand,THA,2015,214.2065735
Thailand,THA,2016,224.9945221
Thailand,THA,2017,252.078064
Thailand,THA,2018,275.9165039
Timor-Leste,TLS,2008,42.76674271
Timor-Leste,TLS,2009,49.46465683
Timor-Leste,TLS,2010,52.1896553
Timor-Leste,TLS,2011,64.26586914
Timor-Leste,TLS,2012,71.61464691
Timor-Leste,TLS,2013,103.2798233
Timor-Leste,TLS,2014,93.70611572
Timor-Leste,TLS,2015,102.2269592
Timor-Leste,TLS,2016,93.38000488
Timor-Leste,TLS,2017,86.74797058
Timor-Leste,TLS,2018,93.69417572
Togo,TGO,2008,24.14238548
Togo,TGO,2009,26.69591522
Togo,TGO,2010,31.4792347
Togo,TGO,2011,35.15558624
Togo,TGO,2012,35.11561584
Togo,TGO,2013,39.1137619
Togo,TGO,2014,40.70421219
Togo,TGO,2015,35.66401672
Togo,TGO,2016,39.26917267
Togo,TGO,2017,37.47055817
Togo,TGO,2018,41.83677292
Tonga,TON,2008,202.7685394
Tonga,TON,2009,126.3530808
Tonga,TON,2010,177.9689484
Tonga,TON,2011,169.755249
Tonga,TON,2012,226.4968567
Tonga,TON,2013,183.2253418
Tonga,TON,2014,226.1274567
Tonga,TON,2015,187.3837738
Tonga,TON,2016,215.3939514
Tonga,TON,2017,232.7596436
Tonga,TON,2018,236.9345398
Trinidad and Tobago,TTO,2008,784.5031738
Trinidad and Tobago,TTO,2009,810.796814
Trinidad and Tobago,TTO,2010,861.5105591
Trinidad and Tobago,TTO,2011,911.3829956
Trinidad and Tobago,TTO,2012,934.3426514
Trinidad and Tobago,TTO,2013,1013.182312
Trinidad and Tobago,TTO,2014,1054.445801
Trinidad and Tobago,TTO,2015,1107.185547
Trinidad and Tobago,TTO,2016,1106.508545
Trinidad and Tobago,TTO,2017,1128.593628
Trinidad and Tobago,TTO,2018,1123.423706
Tunisia,TUN,2008,233.339035
Tunisia,TUN,2009,234.1063538
Tunisia,TUN,2010,243.7140198
Tunisia,TUN,2011,274.3075256
Tunisia,TUN,2012,274.3434143
Tunisia,TUN,2013,289.5417786
Tunisia,TUN,2014,293.097168
Tunisia,TUN,2015,270.469696
Tunisia,TUN,2016,258.7551575
Tunisia,TUN,2017,252.7248688
Tunisia,TUN,2018,251.5467224
Turkey,TUR,2008,570.8589478
Turkey,TUR,2009,500.1930542
Turkey,TUR,2010,539.3271484
Turkey,TUR,2011,531.4185791
Turkey,TUR,2012,524.2503052
Turkey,TUR,2013,551.4012451
Turkey,TUR,2014,525.8447266
Turkey,TUR,2015,453.1164856
Turkey,TUR,2016,466.7947998
Turkey,TUR,2017,442.6176148
Turkey,TUR,2018,389.8655701
Turkmenistan,TKM,2008,255.4766541
Turkmenistan,TKM,2009,194.2538147
Turkmenistan,TKM,2010,221.7984467
Turkmenistan,TKM,2011,276.6504211
Turkmenistan,TKM,2012,318.8036194
Turkmenistan,TKM,2013,376.2167969
Turkmenistan,TKM,2014,437.7458191
Turkmenistan,TKM,2015,405.1260986
Turkmenistan,TKM,2016,423.0598755
Turkmenistan,TKM,2017,456.7355347
Turkmenistan,TKM,2018,460.1751404
Turks and Caicos Islands,TCA,2008,0
Turks and Caicos Islands,TCA,2009,0
Turks and Caicos Islands,TCA,2010,0
Turks and Caicos Islands,TCA,2011,0
Turks and Caicos Islands,TCA,2012,0
Turks and Caicos Islands,TCA,2013,0
Turks and Caicos Islands,TCA,2014,0
Turks and Caicos Islands,TCA,2015,0
Turks and Caicos Islands,TCA,2016,0
Turks and Caicos Islands,TCA,2017,0
Turks and Caicos Islands,TCA,2018,0
Tuvalu,TUV,2008,314.4863281
Tuvalu,TUV,2009,375.9710693
Tuvalu,TUV,2010,500.0559692
Tuvalu,TUV,2011,567.4742432
Tuvalu,TUV,2012,532.0466309
Tuvalu,TUV,2013,628.6420288
Tuvalu,TUV,2014,567.9641113
Tuvalu,TUV,2015,531.2664795
Tuvalu,TUV,2016,547.8984375
Tuvalu,TUV,2017,633.361084
Tuvalu,TUV,2018,692.5211182
Uganda,UGA,2008,59.04119873
Uganda,UGA,2009,57.60364151
Uganda,UGA,2010,65.54209137
Uganda,UGA,2011,56.27164841
Uganda,UGA,2012,55.96831131
Uganda,UGA,2013,52.21765137
Uganda,UGA,2014,52.90937424
Uganda,UGA,2015,43.72704315
Uganda,UGA,2016,42.19992828
Uganda,UGA,2017,41.95800781
Uganda,UGA,2018,43.13787842
Ukraine,UKR,2008,215.7867737
Ukraine,UKR,2009,168.286438
Ukraine,UKR,2010,202.3408661
Ukraine,UKR,2011,243.7808228
Ukraine,UKR,2012,275.2192688
Ukraine,UKR,2013,280.9766846
Ukraine,UKR,2014,212.7696991
Ukraine,UKR,2015,157.5774841
Ukraine,UKR,2016,157.5377045
Ukraine,UKR,2017,187.3952179
Ukraine,UKR,2018,228.3900757
United Arab Emirates,ARE,2008,1303.140747
United Arab Emirates,ARE,2009,1296.977661
United Arab Emirates,ARE,2010,1314.630005
United Arab Emirates,ARE,2011,1438.472168
United Arab Emirates,ARE,2012,1403.524902
United Arab Emirates,ARE,2013,1523.883789
United Arab Emirates,ARE,2014,1588.282349
United Arab Emirates,ARE,2015,1385.53772
United Arab Emirates,ARE,2016,1298.12793
United Arab Emirates,ARE,2017,1650.018555
United Arab Emirates,ARE,2018,1817.347656
United Kingdom,GBR,2008,4351.276855
United Kingdom,GBR,2009,3892.01416
United Kingdom,GBR,2010,3955.451416
United Kingdom,GBR,2011,4208.419922
United Kingdom,GBR,2012,4282.048828
United Kingdom,GBR,2013,4350.255371
United Kingdom,GBR,2014,4740.868652
United Kingdom,GBR,2015,4472.521484
United Kingdom,GBR,2016,4066.093506
United Kingdom,GBR,2017,3978.617188
United Kingdom,GBR,2018,4315.427734
United States,USA,2008,7410.700684
United States,USA,2009,7681.247559
United States,USA,2010,7930.151367
United States,USA,2011,8130.756348
United States,USA,2012,8399.239258
United States,USA,2013,8599.527344
United States,USA,2014,9023.611328
United States,USA,2015,9491.09082
United States,USA,2016,9877.871094
United States,USA,2017,10209.63086
United States,USA,2018,10623.84961
Uruguay,URY,2008,802.4571533
Uruguay,URY,2009,816.2948608
Uruguay,URY,2010,1030.621704
Uruguay,URY,2011,1229.377808
Uruguay,URY,2012,1329.657959
Uruguay,URY,2013,1497.068848
Uruguay,URY,2014,1476.200806
Uruguay,URY,2015,1406.522339
Uruguay,URY,2016,1450.144897
Uruguay,URY,2017,1648.874634
Uruguay,URY,2018,1590.048218
Uzbekistan,UZB,2008,60.81357193
Uzbekistan,UZB,2009,71.42124939
Uzbekistan,UZB,2010,85.18738556
Uzbekistan,UZB,2011,100.0902252
Uzbekistan,UZB,2012,117.570755
Uzbekistan,UZB,2013,130.4245758
Uzbekistan,UZB,2014,117.6513062
Uzbekistan,UZB,2015,131.8330231
Uzbekistan,UZB,2016,129.1727753
Uzbekistan,UZB,2017,93.00417328
Uzbekistan,UZB,2018,82.26926422
Vanuatu,VUT,2008,82.50093842
Vanuatu,VUT,2009,83.70121002
Vanuatu,VUT,2010,100.1354828
Vanuatu,VUT,2011,114.2026596
Vanuatu,VUT,2012,117.9651566
Vanuatu,VUT,2013,129.7849121
Vanuatu,VUT,2014,106.726944
Vanuatu,VUT,2015,116.4973297
Vanuatu,VUT,2016,82.24130249
Vanuatu,VUT,2017,85.10228729
Vanuatu,VUT,2018,105.3915863
"Venezuela, RB",VEN,2008,731.8700562
"Venezuela, RB",VEN,2009,886.7772217
"Venezuela, RB",VEN,2010,945.8930054
"Venezuela, RB",VEN,2011,786.2913208
"Venezuela, RB",VEN,2012,837.3699951
"Venezuela, RB",VEN,2013,697.5296631
"Venezuela, RB",VEN,2014,698.8744507
"Venezuela, RB",VEN,2015,663.767334
"Venezuela, RB",VEN,2016,505.4061279
"Venezuela, RB",VEN,2017,524.9134522
"Venezuela, RB",VEN,2018,256.9468994
Vietnam,VNM,2008,59.16986084
Vietnam,VNM,2009,64.43672943
Vietnam,VNM,2010,78.63555908
Vietnam,VNM,2011,89.58512878
Vietnam,VNM,2012,108.9399719
Vietnam,VNM,2013,119.5219269
Vietnam,VNM,2014,117.4146042
Vietnam,VNM,2015,117.8628922
Vietnam,VNM,2016,124.0594101
Vietnam,VNM,2017,140.165329
Vietnam,VNM,2018,151.6861115
Virgin Islands (U.S.),VIR,2008,0
Virgin Islands (U.S.),VIR,2009,0
Virgin Islands (U.S.),VIR,2010,0
Virgin Islands (U.S.),VIR,2011,0
Virgin Islands (U.S.),VIR,2012,0
Virgin Islands (U.S.),VIR,2013,0
Virgin Islands (U.S.),VIR,2014,0
Virgin Islands (U.S.),VIR,2015,0
Virgin Islands (U.S.),VIR,2016,0
Virgin Islands (U.S.),VIR,2017,0
Virgin Islands (U.S.),VIR,2018,0
West Bank and Gaza,PSE,2008,0
West Bank and Gaza,PSE,2009,0
West Bank and Gaza,PSE,2010,0
West Bank and Gaza,PSE,2011,0
West Bank and Gaza,PSE,2012,0
West Bank and Gaza,PSE,2013,0
West Bank and Gaza,PSE,2014,0
West Bank and Gaza,PSE,2015,0
West Bank and Gaza,PSE,2016,0
West Bank and Gaza,PSE,2017,0
West Bank and Gaza,PSE,2018,0
"Yemen, Rep.",YEM,2008,70.82818604
"Yemen, Rep.",YEM,2009,66.81106567
"Yemen, Rep.",YEM,2010,68.86593628
"Yemen, Rep.",YEM,2011,65.56300354
"Yemen, Rep.",YEM,2012,75.14369965
"Yemen, Rep.",YEM,2013,79.7281189
"Yemen, Rep.",YEM,2014,81.05194855
"Yemen, Rep.",YEM,2015,73.17674255
"Yemen, Rep.",YEM,2016,0
"Yemen, Rep.",YEM,2017,0
"Yemen, Rep.",YEM,2018,0
Zambia,ZMB,2008,55.93905258
Zambia,ZMB,2009,51.35781097
Zambia,ZMB,2010,55.3928299
Zambia,ZMB,2011,57.88014603
Zambia,ZMB,2012,69.29530334
Zambia,ZMB,2013,88.12820435
Zambia,ZMB,2014,67.49678802
Zambia,ZMB,2015,59.33764267
Zambia,ZMB,2016,57.36268997
Zambia,ZMB,2017,67.50799561
Zambia,ZMB,2018,75.99179077
Zimbabwe,ZWE,2008,0
Zimbabwe,ZWE,2009,0
Zimbabwe,ZWE,2010,99.34855652
Zimbabwe,ZWE,2011,88.38669586
Zimbabwe,ZWE,2012,90.28307343
Zimbabwe,ZWE,2013,101.6749344
Zimbabwe,ZWE,2014,116.7105331
Zimbabwe,ZWE,2015,107.6870041
Zimbabwe,ZWE,2016,113.4088593
Zimbabwe,ZWE,2017,112.7419357
Zimbabwe,ZWE,2018,140.3203125